image_id,pigment_network,negative_network,streaks,milia_like_cyst,globules,feature_count,status
000001,1,0,0,0,0,1,ok
000002,1,0,1,0,0,2,ok
000003,1,0,1,0,1,3,ok
000004,1,0,0,0,0,1,ok
000005,1,1,0,0,1,3,ok
000006,0,0,0,0,0,0,ok
000007,0,0,0,0,1,1,ok
000008,0,0,0,0,1,1,ok
000009,1,0,0,0,0,1,ok
000010,0,0,0,0,0,0,ok
000011,0,0,0,0,1,1,ok
000012,0,0,0,0,0,0,ok
000013,1,0,0,0,0,1,ok
000014,0,0,0,0,0,0,ok
000015,1,0,1,0,0,2,ok
000016,0,0,0,0,0,0,ok
000017,0,0,0,1,0,1,ok
000018,0,0,0,0,0,0,ok
000019,0,0,0,0,0,0,ok
000020,1,0,0,0,0,1,ok
000021,0,0,0,1,1,2,ok
000022,0,0,0,0,0,0,ok
000023,1,0,0,0,0,1,ok
000024,1,0,0,1,0,2,ok
000025,1,0,0,1,0,2,ok
000026,1,0,0,0,0,1,ok
000027,0,0,0,1,0,1,ok
000028,0,1,0,0,0,1,ok
000029,0,0,0,0,0,0,ok
000030,0,0,0,1,1,2,ok
000031,1,0,0,0,0,1,ok
000032,1,0,0,0,0,1,ok
000033,0,0,0,0,0,0,ok
000034,1,0,0,0,0,1,ok
000035,0,0,1,0,0,1,ok
000036,1,0,0,1,0,2,ok
000037,0,1,0,0,0,1,ok
000038,0,0,0,1,0,1,ok
000039,1,0,0,0,0,1,ok
000040,0,0,0,0,1,1,ok
000041,1,0,0,0,0,1,ok
000042,0,0,0,0,0,0,ok
000043,1,1,0,0,1,3,ok
000044,0,0,0,0,0,0,ok
000045,1,0,0,0,1,2,ok
000046,1,0,0,0,0,1,ok
000047,0,1,0,0,1,2,ok
000048,0,0,0,1,0,1,ok
000049,1,0,0,1,0,2,ok
000050,0,0,0,0,0,0,ok
000051,1,0,0,0,0,1,ok
000052,1,0,0,0,1,2,ok
000053,1,0,0,0,1,2,ok
000054,1,0,0,0,0,1,ok
000055,1,0,1,0,1,3,ok
000056,0,0,0,0,1,1,ok
000057,0,0,0,0,0,0,ok
000058,0,0,0,0,0,0,ok
000059,0,0,0,0,0,0,ok
000060,1,0,0,0,0,1,ok
000061,0,0,0,0,0,0,ok
000062,1,0,0,1,0,2,ok
000063,1,0,0,0,0,1,ok
000064,1,0,0,0,0,1,ok
000065,1,1,0,0,0,2,ok
000066,0,0,0,0,0,0,ok
000067,0,0,0,0,0,0,ok
000068,0,0,1,0,1,2,ok
000069,1,0,0,0,0,1,ok
000070,1,0,0,1,0,2,ok
000071,1,0,0,0,0,1,ok
000072,0,0,0,0,0,0,ok
000073,1,0,0,0,0,1,ok
000074,1,0,0,0,0,1,ok
000075,0,0,0,0,0,0,ok
000076,0,0,0,0,0,0,ok
000077,1,1,0,0,1,3,ok
000078,0,0,0,0,0,0,ok
000079,1,1,0,0,1,3,ok
000080,0,0,0,0,1,1,ok
000081,0,0,0,0,0,0,ok
000082,1,0,0,0,1,2,ok
000083,1,0,0,1,1,3,ok
000084,0,1,0,0,0,1,ok
000085,1,0,0,1,1,3,ok
000086,0,0,0,0,1,1,ok
000087,0,0,0,0,1,1,ok
000088,1,0,0,0,0,1,ok
000089,0,0,0,1,0,1,ok
000090,1,0,0,1,0,2,ok
000091,1,0,0,0,0,1,ok
000092,1,0,0,0,0,1,ok
000093,0,0,0,1,0,1,ok
000094,1,0,0,0,1,2,ok
000095,0,0,0,0,0,0,ok
000096,1,0,0,0,1,2,ok
000097,1,0,0,0,0,1,ok
000098,1,0,0,0,0,1,ok
000099,1,0,0,1,0,2,ok
000100,1,1,0,0,0,2,ok
000101,0,0,0,1,0,1,ok
000102,1,0,0,0,0,1,ok
000103,1,0,0,0,0,1,ok
000104,1,0,0,0,1,2,ok
000105,1,0,0,0,0,1,ok
000106,1,0,0,0,0,1,ok
000107,1,0,0,0,0,1,ok
000108,1,0,1,0,0,2,ok
000109,1,0,0,0,0,1,ok
000110,0,0,0,0,1,1,ok
000111,1,0,0,0,0,1,ok
000112,1,0,0,0,0,1,ok
000113,1,0,0,0,0,1,ok
000114,0,0,1,0,0,1,ok
000115,1,0,0,0,1,2,ok
000116,0,0,0,0,1,1,ok
000117,1,0,0,0,0,1,ok
000118,1,0,0,0,0,1,ok
000119,1,0,0,0,0,1,ok
000120,0,0,0,0,1,1,ok
000121,1,0,0,1,1,3,ok
000122,1,0,0,0,0,1,ok
000123,0,0,0,0,0,0,ok
000124,1,0,0,1,0,2,ok
000125,0,0,0,0,0,0,ok
000126,1,0,0,0,1,2,ok
000127,0,0,0,0,1,1,ok
000128,0,0,0,0,0,0,ok
000129,1,0,0,0,0,1,ok
000130,0,0,0,1,0,1,ok
000131,1,0,0,0,0,1,ok
000132,1,0,0,0,1,2,ok
000133,1,0,0,0,0,1,ok
000134,0,0,0,0,0,0,ok
000135,0,0,1,0,0,1,ok
000136,1,0,0,0,0,1,ok
000137,0,0,0,1,0,1,ok
000138,0,0,0,0,0,0,ok
000139,1,0,1,0,1,3,ok
000140,1,0,0,1,0,2,ok
000141,0,0,0,0,0,0,ok
000142,1,0,0,0,0,1,ok
000143,1,0,0,0,0,1,ok
000144,1,0,0,0,0,1,ok
000145,0,0,0,0,1,1,ok
000146,0,0,0,0,0,0,ok
000147,1,0,0,0,0,1,ok
000148,1,0,0,0,0,1,ok
000149,1,0,0,0,0,1,ok
000150,0,0,0,1,0,1,ok
000151,1,0,0,0,0,1,ok
000152,1,0,0,0,0,1,ok
000153,0,0,0,0,0,0,ok
000154,0,1,0,1,0,2,ok
000155,1,0,0,1,0,2,ok
000156,0,0,0,0,1,1,ok
000157,1,1,0,0,0,2,ok
000158,1,0,0,0,0,1,ok
000159,1,0,0,0,0,1,ok
000160,1,0,0,0,0,1,ok
000161,1,0,0,0,1,2,ok
000162,1,0,1,0,0,2,ok
000163,0,0,0,0,0,0,ok
000164,1,0,0,0,0,1,ok
000165,0,0,0,0,0,0,ok
000166,1,0,0,1,0,2,ok
000167,1,0,0,0,0,1,ok
000168,1,0,0,0,0,1,ok
000169,1,0,0,0,0,1,ok
000170,0,0,0,0,0,0,ok
000171,1,0,0,0,0,1,ok
000172,1,0,0,0,0,1,ok
000173,1,0,0,0,0,1,ok
000174,0,1,0,0,1,2,ok
000175,1,0,0,0,1,2,ok
000176,1,0,0,1,0,2,ok
000177,0,0,0,0,0,0,ok
000178,0,0,0,0,0,0,ok
000179,1,0,0,0,0,1,ok
000180,1,0,0,0,0,1,ok
000181,0,0,0,1,0,1,ok
000182,0,0,0,0,1,1,ok
000183,0,0,0,1,0,1,ok
000184,1,0,0,0,0,1,ok
000185,1,0,0,1,0,2,ok
000186,1,0,0,0,1,2,ok
000187,1,0,1,0,1,3,ok
000188,1,0,0,0,0,1,ok
000189,1,0,0,0,0,1,ok
000190,1,0,0,0,0,1,ok
000191,0,0,0,0,0,0,ok
000192,0,0,0,0,0,0,ok
000193,1,0,0,1,0,2,ok
000194,1,0,0,0,0,1,ok
000195,1,0,0,1,0,2,ok
000196,1,0,0,1,1,3,ok
000197,1,0,0,0,0,1,ok
000198,0,0,0,0,1,1,ok
000199,1,0,0,0,0,1,ok
000200,0,0,0,0,0,0,ok
000201,1,0,0,0,0,1,ok
000202,1,0,0,1,1,3,ok
000203,0,1,0,0,0,1,ok
000204,1,0,0,0,0,1,ok
000205,1,0,0,0,1,2,ok
000206,1,0,0,0,0,1,ok
000207,1,0,0,0,0,1,ok
000208,0,0,0,0,1,1,ok
000209,1,0,0,0,0,1,ok
000210,0,1,0,0,0,1,ok
000211,0,0,0,0,0,0,ok
000212,1,0,0,0,0,1,ok
000213,1,0,0,0,0,1,ok
000214,1,0,0,0,0,1,ok
000215,0,0,0,0,0,0,ok
000216,0,1,0,0,1,2,ok
000217,1,0,0,0,1,2,ok
000218,1,0,0,0,1,2,ok
000219,1,0,0,0,0,1,ok
000220,0,0,0,0,0,0,ok
000221,1,0,0,0,0,1,ok
000222,0,0,1,0,1,2,ok
000223,1,0,0,0,0,1,ok
000224,0,0,0,0,1,1,ok
000225,1,0,0,0,0,1,ok
000226,1,0,0,0,0,1,ok
000227,0,0,0,0,1,1,ok
000228,1,0,0,0,0,1,ok
000229,1,0,0,0,1,2,ok
000230,1,0,0,0,1,2,ok
000231,0,0,0,0,0,0,ok
000232,0,0,0,0,0,0,ok
000233,1,1,0,0,1,3,ok
000234,0,1,0,0,0,1,ok
000235,1,0,0,1,0,2,ok
000236,1,0,1,0,0,2,ok
000237,1,0,0,0,0,1,ok
000238,0,0,0,0,0,0,ok
000239,0,0,0,1,0,1,ok
000240,1,0,0,0,0,1,ok
000241,0,0,0,0,1,1,ok
000242,0,0,0,0,0,0,ok
000243,0,1,0,0,0,1,ok
000244,1,0,0,0,0,1,ok
000245,1,0,0,0,0,1,ok
000246,1,0,0,0,0,1,ok
000247,1,0,1,0,1,3,ok
000248,1,0,0,0,0,1,ok
000249,0,0,0,0,0,0,ok
000250,1,1,0,0,0,2,ok
000251,1,0,0,0,0,1,ok
000252,1,0,0,0,0,1,ok
000253,1,0,0,0,0,1,ok
000254,1,0,0,0,1,2,ok
000255,1,0,0,1,0,2,ok
000256,0,0,0,0,0,0,ok
000257,0,0,0,1,1,2,ok
000258,1,0,0,1,0,2,ok
000259,0,0,0,1,0,1,ok
000260,1,0,0,0,0,1,ok
000261,0,0,0,0,0,0,ok
000262,0,0,0,0,0,0,ok
000263,1,0,0,0,1,2,ok
000264,0,1,0,0,0,1,ok
000265,0,0,0,0,0,0,ok
000266,1,0,0,1,0,2,ok
000267,1,0,0,1,0,2,ok
000268,1,0,0,1,1,3,ok
000269,1,0,0,0,0,1,ok
000270,0,0,0,0,0,0,ok
000271,0,0,0,0,1,1,ok
000272,1,0,0,0,0,1,ok
000273,0,0,1,0,0,1,ok
000274,0,0,0,0,0,0,ok
000275,1,0,1,0,0,2,ok
000276,1,0,0,0,0,1,ok
000277,0,0,0,1,0,1,ok
000278,1,0,0,0,0,1,ok
000279,1,1,0,0,0,2,ok
000280,1,0,0,0,1,2,ok
000281,1,0,0,1,1,3,ok
000282,0,0,0,0,0,0,ok
000283,1,0,0,0,0,1,ok
000284,1,0,0,0,0,1,ok
000285,1,0,0,0,0,1,ok
000286,0,1,0,1,1,3,ok
000287,0,0,0,0,0,0,ok
000288,1,0,0,0,0,1,ok
000289,0,0,0,0,0,0,ok
000290,0,0,0,1,1,2,ok
000291,1,0,0,0,0,1,ok
000292,0,0,0,0,0,0,ok
000293,0,0,1,0,1,2,ok
000294,1,0,0,0,1,2,ok
000295,1,0,0,0,0,1,ok
000296,0,0,0,0,0,0,ok
000297,1,0,0,0,0,1,ok
000298,1,0,0,0,0,1,ok
000299,1,0,0,0,1,2,ok
000300,1,0,0,0,0,1,ok
000301,1,0,1,0,1,3,ok
000302,1,0,0,0,0,1,ok
000303,1,0,0,1,0,2,ok
000304,1,1,0,0,0,2,ok
000305,0,0,0,1,0,1,ok
000306,0,1,0,1,1,3,ok
000307,1,0,0,0,0,1,ok
000308,0,0,0,0,0,0,ok
000309,1,0,0,1,0,2,ok
000310,0,0,0,0,0,0,ok
000311,1,0,0,0,0,1,ok
000312,1,0,0,1,0,2,ok
000313,1,0,0,0,0,1,ok
000314,1,0,0,0,0,1,ok
000315,1,0,0,1,0,2,ok
000316,0,1,0,1,1,3,ok
000317,1,0,0,0,1,2,ok
000318,1,0,0,0,0,1,ok
000319,1,1,0,0,1,3,ok
000320,1,0,0,0,0,1,ok
000321,1,0,0,1,1,3,ok
000322,1,0,0,0,0,1,ok
000323,1,0,0,0,0,1,ok
000324,1,0,0,0,0,1,ok
000325,1,1,0,0,0,2,ok
000326,1,1,0,1,0,3,ok
000327,1,0,0,1,0,2,ok
000328,1,0,0,0,0,1,ok
000329,1,0,0,0,0,1,ok
000330,0,0,0,0,0,0,ok
000331,0,0,0,1,0,1,ok
000332,1,0,0,0,0,1,ok
000333,1,0,0,1,0,2,ok
000334,1,0,0,0,1,2,ok
000335,0,0,0,1,0,1,ok
000336,0,0,0,1,0,1,ok
000337,0,0,0,0,0,0,ok
000338,0,0,0,0,1,1,ok
000339,1,0,0,0,0,1,ok
000340,0,0,0,0,0,0,ok
000341,1,0,0,0,0,1,ok
000342,1,0,0,0,1,2,ok
000343,0,0,0,0,0,0,ok
000344,1,0,0,0,0,1,ok
000345,0,0,0,1,0,1,ok
000346,1,0,0,0,0,1,ok
000347,1,0,0,0,0,1,ok
000348,0,0,0,0,0,0,ok
000349,0,0,0,0,0,0,ok
000350,1,0,0,1,0,2,ok
000351,1,0,0,0,0,1,ok
000352,0,0,0,0,1,1,ok
000353,1,0,0,0,0,1,ok
000354,1,0,0,0,0,1,ok
000355,1,0,0,0,0,1,ok
000356,1,0,0,0,0,1,ok
000357,1,0,0,0,0,1,ok
000358,1,0,0,0,0,1,ok
000359,1,0,0,0,0,1,ok
000360,0,0,0,0,0,0,ok
000361,1,0,0,0,1,2,ok
000362,1,0,0,0,0,1,ok
000363,1,0,0,0,0,1,ok
000364,1,0,1,0,1,3,ok
000365,1,0,0,0,0,1,ok
000366,1,0,0,0,0,1,ok
000367,0,0,0,0,0,0,ok
000368,1,1,0,0,0,2,ok
000369,1,0,0,0,0,1,ok
000370,0,0,1,0,1,2,ok
000371,1,0,0,0,0,1,ok
000372,0,1,0,1,0,2,ok
000373,1,0,0,0,0,1,ok
000374,1,0,0,0,0,1,ok
000375,1,0,0,1,0,2,ok
000376,1,0,0,1,0,2,ok
000377,1,0,0,0,0,1,ok
000378,1,0,1,0,0,2,ok
000379,0,0,0,0,0,0,ok
000380,1,0,0,0,0,1,ok
000381,1,0,0,0,0,1,ok
000382,0,0,0,1,0,1,ok
000383,0,0,0,0,0,0,ok
000384,1,0,0,0,0,1,ok
000385,1,0,0,0,0,1,ok
000386,0,0,0,0,0,0,ok
000387,0,0,0,0,0,0,ok
000388,1,1,0,0,0,2,ok
000389,1,0,0,0,0,1,ok
000390,0,1,0,1,1,3,ok
000391,1,0,0,0,0,1,ok
000392,1,0,0,0,0,1,ok
000393,1,0,0,0,1,2,ok
000394,1,0,0,0,0,1,ok
000395,0,0,0,1,1,2,ok
000396,1,0,0,1,0,2,ok
000397,0,0,0,1,0,1,ok
000398,1,0,0,0,0,1,ok
000399,0,1,0,0,1,2,ok
000400,0,0,0,0,0,0,ok
000401,0,0,0,0,0,0,ok
000402,0,0,0,0,0,0,ok
000403,1,0,1,0,0,2,ok
000404,1,0,0,0,0,1,ok
000405,1,0,0,0,0,1,ok
000406,0,0,1,0,1,2,ok
000407,0,0,0,0,1,1,ok
000408,1,0,0,0,0,1,ok
000409,1,0,0,0,0,1,ok
000410,1,1,0,0,0,2,ok
000411,0,0,0,1,0,1,ok
000412,0,0,0,0,0,0,ok
000413,1,0,0,0,0,1,ok
000414,0,0,0,0,1,1,ok
000415,0,0,1,0,0,1,ok
000416,1,0,0,0,0,1,ok
000417,0,1,0,0,0,1,ok
000418,0,0,0,0,1,1,ok
000419,0,0,0,0,0,0,ok
000420,1,0,0,0,0,1,ok
000421,0,0,0,0,0,0,ok
000422,1,0,0,0,0,1,ok
000423,1,0,0,1,0,2,ok
000424,1,0,0,0,0,1,ok
000425,1,0,1,0,0,2,ok
000426,0,0,0,0,0,0,ok
000427,1,0,0,1,1,3,ok
000428,0,0,0,0,0,0,ok
000429,1,0,0,0,0,1,ok
000430,1,0,0,0,0,1,ok
000431,1,0,0,0,0,1,ok
000432,1,0,0,1,0,2,ok
000433,0,1,0,0,0,1,ok
000434,1,0,0,0,0,1,ok
000435,1,0,0,0,0,1,ok
000436,1,0,0,1,1,3,ok
000437,0,0,0,0,0,0,ok
000438,0,0,1,0,0,1,ok
000439,1,0,0,0,0,1,ok
000440,1,0,0,0,0,1,ok
000441,1,0,0,0,0,1,ok
000442,1,0,0,0,0,1,ok
000443,1,0,0,0,1,2,ok
000444,0,0,0,0,0,0,ok
000445,1,0,0,0,0,1,ok
000446,1,0,0,0,0,1,ok
000447,0,0,0,0,1,1,ok
000448,0,0,0,0,0,0,ok
000449,1,0,0,0,0,1,ok
000450,1,0,0,0,1,2,ok
000451,0,0,0,1,0,1,ok
000452,0,1,0,1,0,2,ok
000453,0,0,0,0,1,1,ok
000454,0,0,0,0,0,0,ok
000455,0,0,0,0,0,0,ok
000456,1,0,0,0,0,1,ok
000457,1,0,0,0,0,1,ok
000458,0,0,0,0,0,0,ok
000459,1,0,0,1,0,2,ok
000460,0,0,0,1,0,1,ok
000461,0,0,0,0,0,0,ok
000462,0,0,0,1,1,2,ok
000463,1,0,0,0,0,1,ok
000464,0,0,0,0,0,0,ok
000465,0,0,0,0,0,0,ok
000466,1,0,0,0,0,1,ok
000467,0,0,0,0,0,0,ok
000468,1,0,1,0,1,3,ok
000469,1,0,0,0,0,1,ok
000470,1,0,0,1,0,2,ok
000471,1,0,1,1,0,3,ok
000472,1,0,0,1,1,3,ok
000473,0,0,1,1,1,3,ok
000474,0,0,0,0,0,0,ok
000475,1,0,0,0,0,1,ok
000476,0,0,0,0,0,0,ok
000477,1,0,0,0,0,1,ok
000478,0,0,0,0,0,0,ok
000479,0,0,0,1,0,1,ok
000480,0,0,0,1,1,2,ok
000481,1,0,0,0,0,1,ok
000482,1,0,0,0,0,1,ok
000483,0,0,0,1,0,1,ok
000484,1,0,0,0,1,2,ok
000485,1,0,0,0,0,1,ok
000486,0,0,0,0,0,0,ok
000487,0,0,0,0,1,1,ok
000488,0,1,0,0,1,2,ok
000489,1,0,0,1,0,2,ok
000490,1,0,0,0,0,1,ok
000491,0,0,0,0,1,1,ok
000492,1,0,0,1,1,3,ok
000493,0,0,0,1,0,1,ok
000494,0,0,0,0,0,0,ok
000495,1,0,0,0,1,2,ok
000496,0,0,0,0,1,1,ok
000497,1,0,0,0,0,1,ok
000498,1,0,1,0,1,3,ok
000499,1,0,0,0,0,1,ok
000500,0,0,0,0,0,0,ok
000501,0,0,1,0,1,2,ok
000502,0,1,0,1,0,2,ok
000503,1,0,0,0,0,1,ok
000504,1,0,0,0,0,1,ok
000505,1,0,0,0,0,1,ok
000506,1,0,0,0,0,1,ok
000507,0,0,0,1,1,2,ok
000508,1,0,0,1,0,2,ok
000509,1,0,0,0,0,1,ok
000510,0,0,0,0,0,0,ok
000511,1,0,0,0,0,1,ok
000512,1,0,0,0,0,1,ok
000513,1,0,1,0,0,2,ok
000514,0,0,0,1,0,1,ok
000515,0,0,0,0,0,0,ok
000516,1,1,0,0,0,2,ok
000517,0,0,0,0,0,0,ok
000518,1,0,0,1,0,2,ok
000519,1,0,0,0,0,1,ok
000520,1,0,0,0,0,1,ok
000521,1,1,0,0,0,2,ok
000522,1,0,0,1,0,2,ok
000523,0,0,0,0,0,0,ok
000524,1,0,0,0,0,1,ok
000525,1,0,0,0,1,2,ok
000526,1,0,0,0,0,1,ok
000527,1,0,0,0,0,1,ok
000528,0,0,0,0,0,0,ok
000529,1,0,0,0,0,1,ok
000530,1,0,0,0,0,1,ok
000531,1,0,0,0,1,2,ok
000532,0,0,0,0,0,0,ok
000533,1,0,0,0,0,1,ok
000534,1,0,0,1,0,2,ok
000535,1,0,0,0,1,2,ok
000536,1,0,0,0,0,1,ok
000537,1,0,0,0,0,1,ok
000538,0,0,0,0,1,1,ok
000539,0,0,0,1,0,1,ok
000540,1,0,0,0,1,2,ok
000541,1,0,0,0,1,2,ok
000542,0,0,0,1,0,1,ok
000543,1,0,0,0,0,1,ok
000544,1,0,0,0,0,1,ok
000545,1,0,1,0,1,3,ok
000546,0,0,0,0,0,0,ok
000547,0,0,0,0,1,1,ok
000548,0,0,0,0,0,0,ok
000549,0,0,0,0,0,0,ok
000550,1,1,0,0,0,2,ok
000551,1,0,0,0,0,1,ok
000552,1,0,0,1,0,2,ok
000553,0,0,0,0,1,1,ok
000554,0,1,0,0,0,1,ok
000555,1,0,0,0,1,2,ok
000556,0,0,1,0,0,1,ok
000557,1,0,0,0,0,1,ok
000558,0,0,0,0,0,0,ok
000559,1,0,0,0,1,2,ok
000560,1,0,0,1,0,2,ok
000561,1,0,0,1,0,2,ok
000562,0,0,1,0,0,1,ok
000563,0,0,0,0,0,0,ok
000564,1,0,0,0,0,1,ok
000565,1,0,0,1,0,2,ok
000566,1,1,0,1,0,3,ok
000567,1,0,0,1,0,2,ok
000568,0,0,0,0,1,1,ok
000569,0,0,0,0,0,0,ok
000570,0,1,0,0,0,1,ok
000571,0,0,0,0,1,1,ok
000572,0,0,0,0,1,1,ok
000573,0,0,0,0,0,0,ok
000574,0,0,0,0,0,0,ok
000575,1,0,0,0,0,1,ok
000576,1,0,0,1,0,2,ok
000577,1,0,0,0,0,1,ok
000578,0,0,0,0,0,0,ok
000579,1,0,0,0,0,1,ok
000580,1,0,0,0,0,1,ok
000581,1,0,0,0,1,2,ok
000582,0,0,0,1,0,1,ok
000583,1,0,0,1,0,2,ok
000584,1,0,0,0,0,1,ok
000585,0,0,0,1,0,1,ok
000586,0,0,0,1,1,2,ok
000587,1,0,0,0,0,1,ok
000588,0,0,0,1,0,1,ok
000589,0,0,0,0,1,1,ok
000590,1,0,1,0,1,3,ok
000591,1,0,0,0,0,1,ok
000592,1,0,0,1,0,2,ok
000593,0,1,0,0,1,2,ok
000594,1,0,0,1,0,2,ok
000595,1,0,0,0,0,1,ok
000596,0,0,0,1,0,1,ok
000597,0,0,0,0,0,0,ok
000598,0,0,0,0,0,0,ok
000599,1,0,0,0,0,1,ok
000600,1,0,0,0,0,1,ok
000601,1,0,0,0,1,2,ok
000602,1,0,0,0,0,1,ok
000603,1,0,0,0,0,1,ok
000604,1,0,0,0,0,1,ok
000605,0,0,0,0,0,0,ok
000606,1,0,0,0,0,1,ok
000607,0,0,0,1,0,1,ok
000608,0,0,0,1,0,1,ok
000609,0,0,0,1,0,1,ok
000610,1,0,1,0,0,2,ok
000611,1,0,0,0,0,1,ok
000612,1,0,0,1,0,2,ok
000613,1,0,0,1,0,2,ok
000614,0,1,0,0,0,1,ok
000615,1,0,0,0,1,2,ok
000616,1,0,0,0,0,1,ok
000617,1,0,0,0,1,2,ok
000618,1,0,0,1,0,2,ok
000619,1,1,0,0,0,2,ok
000620,1,0,0,0,0,1,ok
000621,0,0,0,0,0,0,ok
000622,0,0,0,0,0,0,ok
000623,1,0,0,0,1,2,ok
000624,1,0,0,1,0,2,ok
000625,0,0,0,0,0,0,ok
000626,1,0,0,0,0,1,ok
000627,1,0,0,0,0,1,ok
000628,1,0,0,0,0,1,ok
000629,1,0,0,1,0,2,ok
000630,1,0,0,0,0,1,ok
000631,0,0,0,0,0,0,ok
000632,0,0,0,1,0,1,ok
000633,0,0,0,0,1,1,ok
000634,0,0,0,1,0,1,ok
000635,1,0,0,0,0,1,ok
000636,0,0,0,0,1,1,ok
000637,1,0,0,0,0,1,ok
000638,1,0,0,0,0,1,ok
000639,0,0,0,1,0,1,ok
000640,1,0,0,0,0,1,ok
000641,0,0,0,0,1,1,ok
000642,0,1,0,0,0,1,ok
000643,1,0,0,1,1,3,ok
000644,0,0,1,0,1,2,ok
000645,1,0,0,0,0,1,ok
000646,1,0,0,0,1,2,ok
000647,1,0,0,1,1,3,ok
000648,1,0,0,0,0,1,ok
000649,0,1,0,0,1,2,ok
000650,1,0,0,0,1,2,ok
000651,0,0,0,0,0,0,ok
000652,1,0,0,0,0,1,ok
000653,1,0,0,0,0,1,ok
000654,0,0,0,1,0,1,ok
000655,1,1,0,1,0,3,ok
000656,0,1,0,1,0,2,ok
000657,1,0,0,0,0,1,ok
000658,0,0,0,0,1,1,ok
000659,1,0,0,0,0,1,ok
000660,1,0,0,0,1,2,ok
000661,0,0,0,0,0,0,ok
000662,0,0,0,1,0,1,ok
000663,1,0,0,1,0,2,ok
000664,0,0,1,0,1,2,ok
000665,1,0,0,0,0,1,ok
000666,0,0,0,1,0,1,ok
000667,0,0,1,0,0,1,ok
000668,0,0,0,0,0,0,ok
000669,0,0,0,0,0,0,ok
000670,1,0,0,0,0,1,ok
000671,1,1,0,1,1,4,ok
000672,0,0,0,0,0,0,ok
000673,1,0,0,1,1,3,ok
000674,0,0,0,1,0,1,ok
000675,1,0,0,0,0,1,ok
000676,0,0,0,1,0,1,ok
000677,1,0,0,0,0,1,ok
000678,1,1,0,0,0,2,ok
000679,1,0,0,1,1,3,ok
000680,0,0,0,0,0,0,ok
000681,1,0,0,0,0,1,ok
000682,1,0,0,0,0,1,ok
000683,1,0,0,0,0,1,ok
000684,1,0,1,0,0,2,ok
000685,1,0,0,0,1,2,ok
000686,1,0,0,1,0,2,ok
000687,1,0,0,0,0,1,ok
000688,0,0,0,0,0,0,ok
000689,0,0,0,1,0,1,ok
000690,0,0,0,0,1,1,ok
000691,1,0,0,0,0,1,ok
000692,0,0,0,1,0,1,ok
000693,1,0,0,0,0,1,ok
000694,1,0,0,0,0,1,ok
000695,1,0,0,0,0,1,ok
000696,1,0,0,0,0,1,ok
000697,1,0,0,0,0,1,ok
000698,1,1,0,0,0,2,ok
000699,1,0,0,1,0,2,ok
000700,0,0,0,1,0,1,ok
000701,1,1,0,0,0,2,ok
000702,0,0,0,1,0,1,ok
000703,1,0,0,0,0,1,ok
000704,1,0,0,0,0,1,ok
000705,1,0,0,1,0,2,ok
000706,0,0,0,0,1,1,ok
000707,1,0,0,1,0,2,ok
000708,1,0,0,0,0,1,ok
000709,1,0,0,0,0,1,ok
000710,1,0,0,0,0,1,ok
000711,0,0,0,0,0,0,ok
000712,1,0,0,1,0,2,ok
000713,1,0,0,1,1,3,ok
000714,0,0,0,0,0,0,ok
000715,1,0,0,0,0,1,ok
000716,0,0,0,0,0,0,ok
000717,1,0,0,1,0,2,ok
000718,1,0,0,0,0,1,ok
000719,1,0,0,0,1,2,ok
000720,1,0,0,0,0,1,ok
000721,1,1,0,0,0,2,ok
000722,1,0,0,0,0,1,ok
000723,1,0,0,0,0,1,ok
000724,1,0,0,0,1,2,ok
000725,0,0,0,0,0,0,ok
000726,0,0,0,0,1,1,ok
000727,0,0,0,0,1,1,ok
000728,1,0,0,1,0,2,ok
000729,0,0,0,0,0,0,ok
000730,0,0,0,0,0,0,ok
000731,0,0,0,0,0,0,ok
000732,1,0,0,0,1,2,ok
000733,1,0,0,0,1,2,ok
000734,0,0,0,1,0,1,ok
000735,1,0,0,0,0,1,ok
000736,1,0,0,0,0,1,ok
000737,1,0,0,0,1,2,ok
000738,1,0,0,0,0,1,ok
000739,0,1,0,0,0,1,ok
000740,0,0,0,0,1,1,ok
000741,1,0,1,0,1,3,ok
000742,1,0,0,0,0,1,ok
000743,1,0,0,0,0,1,ok
000744,1,0,0,1,1,3,ok
000745,0,0,0,0,1,1,ok
000746,0,0,0,0,0,0,ok
000747,0,0,0,1,0,1,ok
000748,0,0,0,1,0,1,ok
000749,0,0,0,0,0,0,ok
000750,1,0,0,0,0,1,ok
000751,0,0,0,1,0,1,ok
000752,1,0,0,0,0,1,ok
000753,1,0,0,1,0,2,ok
000754,1,0,0,1,1,3,ok
000755,0,0,0,0,0,0,ok
000756,0,0,0,0,0,0,ok
000757,1,0,0,0,0,1,ok
000758,1,0,0,0,0,1,ok
000759,0,0,0,1,0,1,ok
000760,0,1,0,1,1,3,ok
000761,0,0,0,0,0,0,ok
000762,1,1,0,0,0,2,ok
000763,0,0,0,0,0,0,ok
000764,1,0,0,0,1,2,ok
000765,1,1,0,0,0,2,ok
000766,1,0,0,1,0,2,ok
000767,0,0,0,1,0,1,ok
000768,1,0,0,0,0,1,ok
000769,1,0,0,0,0,1,ok
000770,1,0,0,0,0,1,ok
000771,0,0,1,0,1,2,ok
000772,1,0,0,0,0,1,ok
000773,1,0,0,1,1,3,ok
000774,0,0,0,0,0,0,ok
000775,1,1,0,0,1,3,ok
000776,0,0,1,0,1,2,ok
000777,0,0,0,0,0,0,ok
000778,1,0,0,0,0,1,ok
000779,1,1,0,0,1,3,ok
000780,1,0,0,0,1,2,ok
000781,0,0,0,0,0,0,ok
000782,1,0,0,0,0,1,ok
000783,1,0,0,1,0,2,ok
000784,0,0,0,0,1,1,ok
000785,0,0,0,0,0,0,ok
000786,1,0,0,1,0,2,ok
000787,0,0,0,1,0,1,ok
000788,1,0,0,1,0,2,ok
000789,1,0,0,1,0,2,ok
000790,1,0,0,0,0,1,ok
000791,1,0,0,0,0,1,ok
000792,1,0,0,0,0,1,ok
000793,1,0,0,0,0,1,ok
000794,1,0,0,0,0,1,ok
000795,1,0,0,0,1,2,ok
000796,1,0,1,0,0,2,ok
000797,1,0,0,0,0,1,ok
000798,0,0,0,0,1,1,ok
000799,1,0,0,1,0,2,ok
000800,1,0,0,0,0,1,ok
000801,0,0,0,1,0,1,ok
000802,1,0,0,0,1,2,ok
000803,1,0,0,1,1,3,ok
000804,0,0,0,0,0,0,ok
000805,1,0,0,0,0,1,ok
000806,0,0,0,0,0,0,ok
000807,0,0,0,0,0,0,ok
000808,1,0,0,0,0,1,ok
000809,1,0,0,0,0,1,ok
000810,1,0,0,0,0,1,ok
000811,0,0,0,1,0,1,ok
000812,1,0,0,1,0,2,ok
000813,1,0,0,0,0,1,ok
000814,1,0,0,0,0,1,ok
000815,1,0,0,1,0,2,ok
000816,1,0,0,0,0,1,ok
000817,1,0,0,0,0,1,ok
000818,1,0,0,1,0,2,ok
000819,1,0,0,0,1,2,ok
000820,0,0,0,0,0,0,ok
000821,0,0,0,0,0,0,ok
000822,1,0,0,0,1,2,ok
000823,0,0,0,0,0,0,ok
000824,1,0,0,0,0,1,ok
000825,0,0,0,0,1,1,ok
000826,1,0,0,1,0,2,ok
000827,1,0,0,0,0,1,ok
000828,0,0,0,0,1,1,ok
000829,0,0,0,0,0,0,ok
000830,1,0,1,0,1,3,ok
000831,1,0,0,0,0,1,ok
000832,1,0,0,0,0,1,ok
000833,1,0,0,0,0,1,ok
000834,0,0,0,0,0,0,ok
000835,0,0,1,0,0,1,ok
000836,1,0,0,1,1,3,ok
000837,1,0,0,0,0,1,ok
000838,0,0,0,0,0,0,ok
000839,1,0,0,0,1,2,ok
000840,1,0,0,0,0,1,ok
000841,0,0,0,0,0,0,ok
000842,1,0,0,0,0,1,ok
000843,0,0,0,0,1,1,ok
000844,1,0,0,0,0,1,ok
000845,1,0,0,0,1,2,ok
000846,0,0,0,0,0,0,ok
000847,1,0,0,0,0,1,ok
000848,1,0,0,0,0,1,ok
000849,0,0,0,1,0,1,ok
000850,1,0,0,1,0,2,ok
000851,1,0,0,0,0,1,ok
000852,0,0,0,0,0,0,ok
000853,1,1,0,0,0,2,ok
000854,0,0,0,0,1,1,ok
000855,1,0,0,0,0,1,ok
000856,1,0,0,0,0,1,ok
000857,1,0,0,0,0,1,ok
000858,1,0,0,0,0,1,ok
000859,0,0,0,0,0,0,ok
000860,0,0,0,0,0,0,ok
000861,1,0,0,1,0,2,ok
000862,1,0,0,1,0,2,ok
000863,1,0,0,0,0,1,ok
000864,0,0,0,1,0,1,ok
000865,1,1,0,0,0,2,ok
000866,0,0,0,0,0,0,ok
000867,1,0,0,1,0,2,ok
000868,0,0,0,0,0,0,ok
000869,1,1,0,0,0,2,ok
000870,1,0,0,0,0,1,ok
000871,0,0,0,1,1,2,ok
000872,1,1,0,0,0,2,ok
000873,1,0,0,0,0,1,ok
000874,0,0,0,0,1,1,ok
000875,0,1,0,0,1,2,ok
000876,1,0,0,0,0,1,ok
000877,1,0,0,0,0,1,ok
000878,1,0,0,1,1,3,ok
000879,0,0,0,1,0,1,ok
000880,0,0,0,0,0,0,ok
000881,1,0,0,1,0,2,ok
000882,1,1,0,1,0,3,ok
000883,0,0,0,0,1,1,ok
000884,1,0,0,0,0,1,ok
000885,0,0,0,1,0,1,ok
000886,1,0,0,1,1,3,ok
000887,1,0,0,1,0,2,ok
000888,1,0,0,0,0,1,ok
000889,1,1,0,0,0,2,ok
000890,0,0,0,1,0,1,ok
000891,0,0,0,1,0,1,ok
000892,1,0,0,0,1,2,ok
000893,1,0,0,0,1,2,ok
000894,0,0,0,1,0,1,ok
000895,0,0,0,0,0,0,ok
000896,1,0,0,0,1,2,ok
000897,0,0,0,1,0,1,ok
000898,1,0,0,0,1,2,ok
000899,0,0,0,1,0,1,ok
000900,1,0,0,0,0,1,ok
000901,0,0,0,0,0,0,ok
000902,1,0,0,0,0,1,ok
000903,0,0,0,1,0,1,ok
000904,1,0,0,1,0,2,ok
000905,1,0,0,0,0,1,ok
000906,1,0,0,0,1,2,ok
000907,1,0,0,0,0,1,ok
000908,0,0,0,0,0,0,ok
000909,1,0,0,0,0,1,ok
000910,1,0,0,0,0,1,ok
000911,0,0,0,0,1,1,ok
000912,1,0,0,0,0,1,ok
000913,0,0,1,0,1,2,ok
000914,0,1,0,1,1,3,ok
000915,0,0,0,0,0,0,ok
000916,1,0,0,0,0,1,ok
000917,1,0,0,0,1,2,ok
000918,1,0,0,0,0,1,ok
000919,1,0,0,0,0,1,ok
000920,1,0,0,1,0,2,ok
000921,1,0,0,0,1,2,ok
000922,0,0,0,1,0,1,ok
000923,1,0,0,0,0,1,ok
000924,0,0,0,0,1,1,ok
000925,0,0,0,0,0,0,ok
000926,1,1,0,0,0,2,ok
000927,1,0,0,1,0,2,ok
000928,1,0,0,0,0,1,ok
000929,0,0,0,0,0,0,ok
000930,1,0,0,0,0,1,ok
000931,1,0,0,0,1,2,ok
000932,0,0,0,1,0,1,ok
000933,1,0,1,0,0,2,ok
000934,1,0,0,0,0,1,ok
000935,1,0,0,1,0,2,ok
000936,0,0,0,0,0,0,ok
000937,1,0,0,0,0,1,ok
000938,0,0,0,1,0,1,ok
000939,0,0,0,0,1,1,ok
000940,1,0,0,0,0,1,ok
000941,0,0,0,0,1,1,ok
000942,0,0,0,0,0,0,ok
000943,1,0,0,1,1,3,ok
000944,0,0,0,0,0,0,ok
000945,1,1,0,0,1,3,ok
000946,1,0,0,0,0,1,ok
000947,1,0,0,0,0,1,ok
000948,1,0,0,1,0,2,ok
000949,0,0,0,0,1,1,ok
000950,1,0,0,0,0,1,ok
000951,1,0,0,0,0,1,ok
000952,1,0,0,0,0,1,ok
000953,1,0,0,0,0,1,ok
000954,1,1,0,0,0,2,ok
000955,1,0,0,0,0,1,ok
000956,1,0,0,0,0,1,ok
000957,0,0,0,0,0,0,ok
000958,1,0,0,0,0,1,ok
000959,0,0,0,0,1,1,ok
000960,1,1,0,0,0,2,ok
000961,0,0,0,1,0,1,ok
000962,0,0,0,1,0,1,ok
000963,1,0,0,0,0,1,ok
000964,1,0,0,0,1,2,ok
000965,0,0,0,0,0,0,ok
000966,0,0,0,0,0,0,ok
000967,1,0,0,0,0,1,ok
000968,1,0,0,1,0,2,ok
000969,1,0,0,0,0,1,ok
000970,1,0,0,1,0,2,ok
000971,1,0,0,0,0,1,ok
000972,1,0,0,0,0,1,ok
000973,0,0,0,1,0,1,ok
000974,0,0,0,0,0,0,ok
000975,0,0,0,1,1,2,ok
000976,0,0,0,0,0,0,ok
000977,0,1,0,1,1,3,ok
000978,1,0,0,0,0,1,ok
000979,1,0,0,0,0,1,ok
000980,1,0,0,0,0,1,ok
000981,0,0,0,1,0,1,ok
000982,1,0,0,1,0,2,ok
000983,0,0,0,1,0,1,ok
000984,0,1,0,0,0,1,ok
000985,0,1,0,1,0,2,ok
000986,1,0,0,0,0,1,ok
000987,1,0,0,0,0,1,ok
000988,1,0,0,0,0,1,ok
000989,0,0,0,0,0,0,ok
000990,1,0,0,0,0,1,ok
000991,1,0,0,0,0,1,ok
000992,1,0,0,0,0,1,ok
000993,0,0,0,0,1,1,ok
000994,0,0,0,1,0,1,ok
000995,1,1,0,0,0,2,ok
000996,1,0,0,1,1,3,ok
000997,1,0,0,0,1,2,ok
000998,0,0,0,0,0,0,ok
000999,1,0,0,0,0,1,ok
001000,0,0,0,1,1,2,ok
001001,0,0,0,0,0,0,ok
001002,0,1,0,0,0,1,ok
001003,0,0,0,1,0,1,ok
001004,1,0,0,0,1,2,ok
001005,1,0,0,1,0,2,ok
001006,0,0,0,1,0,1,ok
001007,1,0,0,0,0,1,ok
001008,1,0,0,1,0,2,ok
001009,1,0,0,0,1,2,ok
001010,0,0,0,0,0,0,ok
001011,1,0,0,0,0,1,ok
001012,0,0,0,1,1,2,ok
001013,1,0,0,0,0,1,ok
001014,1,0,0,0,0,1,ok
001015,1,0,0,0,0,1,ok
001016,1,0,0,1,0,2,ok
001017,1,0,0,0,0,1,ok
001018,0,0,0,1,0,1,ok
001019,1,0,0,0,0,1,ok
001020,1,0,0,0,0,1,ok
001021,1,0,0,0,0,1,ok
001022,0,0,0,0,0,0,ok
001023,1,0,0,1,0,2,ok
001024,1,0,0,0,0,1,ok
001025,1,0,0,0,0,1,ok
001026,1,0,0,0,0,1,ok
001027,1,0,0,0,0,1,ok
001028,0,0,0,1,1,2,ok
001029,1,0,0,0,0,1,ok
001030,1,0,0,0,0,1,ok
001031,1,0,0,0,1,2,ok
001032,1,0,0,0,0,1,ok
001033,0,0,0,0,0,0,ok
001034,0,0,0,0,0,0,ok
001035,1,0,0,0,1,2,ok
001036,0,0,0,0,0,0,ok
001037,1,0,0,0,1,2,ok
001038,0,0,0,0,0,0,ok
001039,1,0,0,0,1,2,ok
001040,1,0,0,0,0,1,ok
001041,0,0,0,0,1,1,ok
001042,1,0,0,0,0,1,ok
001043,1,0,0,1,0,2,ok
001044,1,0,0,0,0,1,ok
001045,1,0,1,0,1,3,ok
001046,1,1,0,0,0,2,ok
001047,0,0,0,0,0,0,ok
001048,0,0,0,0,0,0,ok
001049,0,0,0,0,0,0,ok
001050,0,0,0,0,0,0,ok
001051,1,0,0,0,1,2,ok
001052,1,0,0,0,1,2,ok
001053,1,1,0,1,0,3,ok
001054,1,0,0,0,0,1,ok
001055,0,0,0,0,0,0,ok
001056,1,0,0,1,1,3,ok
001057,1,0,0,0,0,1,ok
001058,0,0,0,0,0,0,ok
001059,1,0,0,1,0,2,ok
001060,1,0,0,0,0,1,ok
001061,1,0,0,0,0,1,ok
001062,0,1,0,1,1,3,ok
001063,1,0,0,0,1,2,ok
001064,1,0,0,0,0,1,ok
001065,0,0,0,0,0,0,ok
001066,0,0,0,1,0,1,ok
001067,1,0,0,0,0,1,ok
001068,0,0,0,1,0,1,ok
001069,0,0,0,1,0,1,ok
001070,1,0,0,0,1,2,ok
001071,0,0,0,1,0,1,ok
001072,0,0,0,0,0,0,ok
001073,1,0,0,0,0,1,ok
001074,1,0,0,0,0,1,ok
001075,1,0,0,0,0,1,ok
001076,1,0,0,0,0,1,ok
001077,0,0,0,1,0,1,ok
001078,0,0,0,0,0,0,ok
001079,1,0,0,0,0,1,ok
001080,0,0,0,1,0,1,ok
001081,0,0,1,0,0,1,ok
001082,1,0,0,1,0,2,ok
001083,0,0,0,0,1,1,ok
001084,0,0,0,0,1,1,ok
001085,1,0,0,1,0,2,ok
001086,0,0,0,1,0,1,ok
001087,1,0,0,1,0,2,ok
001088,1,0,0,0,0,1,ok
001089,1,0,0,0,0,1,ok
001090,0,1,0,0,0,1,ok
001091,1,0,0,0,0,1,ok
001092,0,0,0,0,0,0,ok
001093,1,0,0,0,1,2,ok
001094,0,0,1,0,0,1,ok
001095,1,0,0,0,0,1,ok
001096,0,0,0,0,1,1,ok
001097,1,0,0,0,0,1,ok
001098,0,0,0,1,0,1,ok
001099,1,1,1,0,0,3,ok
001100,1,0,0,0,0,1,ok
001101,0,0,0,1,0,1,ok
001102,0,0,0,0,1,1,ok
001103,1,0,0,0,0,1,ok
001104,1,1,0,0,0,2,ok
001105,1,0,0,0,0,1,ok
001106,0,0,0,0,0,0,ok
001107,1,0,0,1,0,2,ok
001108,0,0,0,0,0,0,ok
001109,1,1,0,1,0,3,ok
001110,0,0,0,0,0,0,ok
001111,1,0,0,0,0,1,ok
001112,0,0,0,0,0,0,ok
001113,0,1,0,0,0,1,ok
001114,1,0,0,0,0,1,ok
001115,1,0,0,0,0,1,ok
001116,0,0,0,0,0,0,ok
001117,0,0,1,0,0,1,ok
001118,1,0,0,1,0,2,ok
001119,0,0,0,0,0,0,ok
001120,0,0,0,1,0,1,ok
001121,1,0,0,1,0,2,ok
001122,0,0,0,0,0,0,ok
001123,1,0,0,0,0,1,ok
001124,0,0,0,0,0,0,ok
001125,1,0,0,0,1,2,ok
001126,1,0,0,0,0,1,ok
001127,0,0,0,0,0,0,ok
001128,1,0,0,0,0,1,ok
001129,1,0,0,0,0,1,ok
001130,1,0,0,0,1,2,ok
001131,0,0,0,0,0,0,ok
001132,1,0,0,0,0,1,ok
001133,1,0,0,0,0,1,ok
001134,1,0,0,0,0,1,ok
001135,1,0,0,0,0,1,ok
001136,0,0,0,0,1,1,ok
001137,1,1,0,0,0,2,ok
001138,1,0,0,0,0,1,ok
001139,1,1,0,0,0,2,ok
001140,1,0,0,0,0,1,ok
001141,1,0,0,1,0,2,ok
001142,1,0,0,0,0,1,ok
001143,0,0,0,0,0,0,ok
001144,1,0,0,0,0,1,ok
001145,1,0,0,0,0,1,ok
001146,1,0,0,0,0,1,ok
001147,1,0,0,1,0,2,ok
001148,1,0,1,0,0,2,ok
001149,0,0,0,0,0,0,ok
001150,0,0,0,1,0,1,ok
001151,0,0,0,1,1,2,ok
001152,0,0,0,0,0,0,ok
001153,0,0,0,0,0,0,ok
001154,0,0,0,0,0,0,ok
001155,0,0,0,0,0,0,ok
001156,0,0,0,0,1,1,ok
001157,0,0,0,0,0,0,ok
001158,0,0,0,0,1,1,ok
001159,0,1,0,1,1,3,ok
001160,0,0,0,0,0,0,ok
001161,1,0,0,0,1,2,ok
001162,1,0,1,1,0,3,ok
001163,1,0,0,0,0,1,ok
001164,1,0,0,0,0,1,ok
001165,1,0,0,0,0,1,ok
001166,0,1,0,1,0,2,ok
001167,1,0,0,0,0,1,ok
001168,0,0,0,0,0,0,ok
001169,1,0,0,0,0,1,ok
001170,0,0,0,0,0,0,ok
001171,0,0,0,0,1,1,ok
001172,1,0,1,0,0,2,ok
001173,1,0,0,1,0,2,ok
001174,0,0,0,0,0,0,ok
001175,1,0,0,0,0,1,ok
001176,0,1,0,0,0,1,ok
001177,0,0,0,0,0,0,ok
001178,1,0,0,1,0,2,ok
001179,1,0,0,0,0,1,ok
001180,0,0,0,0,1,1,ok
001181,0,0,0,0,0,0,ok
001182,0,0,0,0,0,0,ok
001183,1,0,0,0,0,1,ok
001184,0,0,0,0,0,0,ok
001185,1,0,0,0,0,1,ok
001186,1,0,0,0,0,1,ok
001187,0,0,0,0,1,1,ok
001188,1,0,0,0,0,1,ok
001189,1,0,0,0,0,1,ok
001190,1,0,0,1,0,2,ok
001191,0,0,0,1,1,2,ok
001192,0,0,0,0,0,0,ok
001193,1,1,0,0,0,2,ok
001194,0,0,0,1,1,2,ok
001195,1,0,0,0,0,1,ok
001196,1,0,0,0,0,1,ok
001197,1,0,0,0,0,1,ok
001198,0,0,0,0,0,0,ok
001199,1,0,0,0,1,2,ok
001200,1,0,0,0,0,1,ok
001201,1,0,0,0,0,1,ok
001202,0,0,0,0,0,0,ok
001203,1,0,0,0,0,1,ok
001204,1,0,0,0,1,2,ok
001205,1,0,0,0,0,1,ok
001206,0,0,0,0,1,1,ok
001207,1,0,0,0,0,1,ok
001208,0,0,0,0,0,0,ok
001209,0,0,0,0,1,1,ok
001210,0,0,1,1,1,3,ok
001211,1,0,0,0,0,1,ok
001212,0,0,0,0,0,0,ok
001213,1,0,0,1,0,2,ok
001214,1,0,0,0,1,2,ok
001215,1,0,0,0,1,2,ok
001216,1,0,0,0,0,1,ok
001217,0,1,0,1,1,3,ok
001218,0,0,0,1,0,1,ok
001219,0,0,0,0,0,0,ok
001220,1,0,0,1,0,2,ok
001221,0,0,0,0,0,0,ok
001222,0,0,0,0,0,0,ok
001223,0,0,0,0,1,1,ok
001224,0,0,0,0,0,0,ok
001225,0,0,0,0,0,0,ok
001226,1,0,0,0,0,1,ok
001227,1,0,0,0,0,1,ok
001228,0,0,0,0,0,0,ok
001229,0,0,0,0,1,1,ok
001230,0,0,0,0,1,1,ok
001231,0,0,0,0,0,0,ok
001232,0,0,0,0,0,0,ok
001233,1,0,0,1,0,2,ok
001234,0,0,0,0,0,0,ok
001235,0,0,0,0,1,1,ok
001236,1,0,0,0,0,1,ok
001237,0,0,0,0,0,0,ok
001238,1,0,0,0,0,1,ok
001239,1,0,0,0,0,1,ok
001240,1,0,0,0,0,1,ok
001241,1,0,0,0,0,1,ok
001242,0,0,0,0,1,1,ok
001243,1,0,0,0,0,1,ok
001244,0,0,0,0,0,0,ok
001245,1,0,0,0,0,1,ok
001246,0,0,0,0,0,0,ok
001247,1,0,0,0,0,1,ok
001248,0,1,0,1,1,3,ok
001249,1,0,0,0,1,2,ok
001250,0,0,0,0,1,1,ok
001251,1,0,0,0,0,1,ok
001252,0,0,0,1,0,1,ok
001253,0,0,0,0,0,0,ok
001254,0,0,0,0,0,0,ok
001255,0,0,0,1,1,2,ok
001256,0,0,0,0,0,0,ok
001257,1,0,0,0,0,1,ok
001258,1,0,0,0,0,1,ok
001259,1,0,0,0,0,1,ok
001260,1,0,0,1,1,3,ok
001261,0,0,0,0,1,1,ok
001262,1,0,0,0,0,1,ok
001263,0,0,0,0,0,0,ok
001264,0,0,0,0,0,0,ok
001265,1,0,0,1,0,2,ok
001266,1,0,0,0,1,2,ok
001267,1,0,1,0,0,2,ok
001268,0,0,0,1,0,1,ok
001269,1,0,0,0,0,1,ok
001270,1,1,0,1,0,3,ok
001271,1,1,0,0,0,2,ok
001272,1,0,0,0,1,2,ok
001273,1,0,0,0,0,1,ok
001274,0,0,0,0,1,1,ok
001275,1,0,0,0,0,1,ok
001276,1,0,0,0,1,2,ok
001277,1,0,0,1,1,3,ok
001278,1,0,0,0,0,1,ok
001279,1,0,0,1,1,3,ok
001280,0,0,0,0,1,1,ok
001281,1,0,1,0,1,3,ok
001282,0,0,0,0,0,0,ok
001283,0,0,0,0,0,0,ok
001284,1,0,1,0,1,3,ok
001285,1,0,0,0,0,1,ok
001286,1,1,0,1,0,3,ok
001287,1,0,0,0,0,1,ok
001288,1,0,0,1,0,2,ok
001289,0,0,0,0,0,0,ok
001290,1,0,0,0,0,1,ok
001291,0,0,0,0,1,1,ok
001292,0,0,0,0,0,0,ok
001293,0,1,1,0,1,3,ok
001294,0,0,0,0,0,0,ok
001295,0,0,0,0,0,0,ok
001296,1,0,0,0,0,1,ok
001297,0,0,0,0,0,0,ok
001298,1,0,1,0,0,2,ok
001299,0,0,0,0,1,1,ok
001300,1,0,0,0,0,1,ok
001301,1,0,0,0,0,1,ok
001302,0,0,0,0,0,0,ok
001303,1,0,0,0,0,1,ok
001304,0,0,0,0,1,1,ok
001305,0,0,0,0,1,1,ok
001306,1,0,0,0,0,1,ok
001307,0,0,0,0,0,0,ok
001308,1,0,0,0,1,2,ok
001309,0,0,0,0,0,0,ok
001310,1,0,0,0,0,1,ok
001311,1,0,0,0,0,1,ok
001312,1,0,0,1,0,2,ok
001313,0,0,0,0,1,1,ok
001314,1,1,0,0,0,2,ok
001315,1,0,0,0,0,1,ok
001316,1,0,0,1,0,2,ok
001317,0,0,0,0,0,0,ok
001318,1,0,0,0,0,1,ok
001319,0,0,0,0,0,0,ok
001320,1,0,0,0,0,1,ok
001321,0,0,0,0,0,0,ok
001322,1,0,0,0,0,1,ok
001323,1,0,0,0,0,1,ok
001324,1,0,0,0,0,1,ok
001325,1,0,0,0,1,2,ok
001326,1,0,0,1,0,2,ok
001327,0,0,1,0,1,2,ok
001328,1,0,1,0,1,3,ok
001329,1,0,0,0,0,1,ok
001330,1,0,0,1,0,2,ok
001331,1,0,0,0,0,1,ok
001332,0,0,0,0,0,0,ok
001333,0,0,0,0,0,0,ok
001334,1,0,0,1,0,2,ok
001335,1,0,0,0,0,1,ok
001336,0,0,0,0,0,0,ok
001337,0,0,1,0,1,2,ok
001338,1,1,0,0,0,2,ok
001339,1,0,0,1,0,2,ok
001340,0,0,0,0,0,0,ok
001341,1,0,0,0,0,1,ok
001342,1,0,0,0,0,1,ok
001343,1,0,0,0,0,1,ok
001344,1,0,0,1,1,3,ok
001345,1,0,0,0,0,1,ok
001346,0,0,0,0,0,0,ok
001347,0,0,0,1,1,2,ok
001348,1,0,0,0,1,2,ok
001349,1,0,0,0,1,2,ok
001350,1,0,0,1,0,2,ok
001351,1,0,0,0,0,1,ok
001352,1,0,0,0,0,1,ok
001353,0,0,1,0,0,1,ok
001354,0,0,0,0,1,1,ok
001355,1,0,0,1,1,3,ok
001356,0,0,0,0,0,0,ok
001357,1,0,0,1,0,2,ok
001358,1,0,0,1,1,3,ok
001359,1,0,0,0,0,1,ok
001360,0,0,0,1,0,1,ok
001361,1,0,0,0,0,1,ok
001362,1,0,0,0,0,1,ok
001363,1,0,0,0,1,2,ok
001364,1,0,0,1,0,2,ok
001365,1,0,0,0,1,2,ok
001366,0,0,0,0,1,1,ok
001367,0,0,0,0,0,0,ok
001368,0,0,0,0,0,0,ok
001369,1,0,0,0,0,1,ok
001370,0,1,0,0,1,2,ok
001371,0,0,0,0,1,1,ok
001372,1,1,0,0,0,2,ok
001373,0,0,0,0,0,0,ok
001374,1,0,0,0,1,2,ok
001375,1,0,0,1,0,2,ok
001376,0,0,0,1,0,1,ok
001377,1,1,0,0,0,2,ok
001378,1,0,0,0,0,1,ok
001379,0,0,0,1,0,1,ok
001380,1,0,0,1,0,2,ok
001381,0,0,0,0,0,0,ok
001382,0,0,0,0,0,0,ok
001383,0,0,0,1,0,1,ok
001384,1,0,0,0,1,2,ok
001385,0,0,0,1,0,1,ok
001386,1,0,0,0,0,1,ok
001387,1,0,0,0,0,1,ok
001388,1,0,0,1,0,2,ok
001389,0,0,0,0,0,0,ok
001390,1,0,0,1,1,3,ok
001391,0,0,0,0,0,0,ok
001392,1,0,0,0,0,1,ok
001393,1,0,0,0,0,1,ok
001394,1,0,0,1,0,2,ok
001395,1,0,0,1,0,2,ok
001396,1,0,0,0,0,1,ok
001397,1,0,0,1,0,2,ok
001398,1,0,0,0,0,1,ok
001399,1,0,0,0,0,1,ok
001400,1,0,0,0,0,1,ok
001401,0,0,0,0,0,0,ok
001402,0,0,0,1,0,1,ok
001403,1,1,0,0,0,2,ok
001404,1,0,0,1,0,2,ok
001405,1,0,0,0,1,2,ok
001406,1,0,0,0,0,1,ok
001407,0,0,0,0,0,0,ok
001408,0,0,0,1,0,1,ok
001409,0,0,0,0,0,0,ok
001410,1,0,0,1,1,3,ok
001411,1,0,0,0,1,2,ok
001412,0,1,0,0,1,2,ok
001413,1,0,0,0,0,1,ok
001414,1,0,0,1,0,2,ok
001415,1,1,0,0,0,2,ok
001416,0,0,1,0,0,1,ok
001417,1,0,1,0,1,3,ok
001418,1,0,0,0,1,2,ok
001419,1,0,0,1,0,2,ok
001420,1,0,0,0,0,1,ok
001421,1,0,0,1,0,2,ok
001422,1,0,0,0,0,1,ok
001423,1,0,1,0,1,3,ok
001424,0,0,0,0,0,0,ok
001425,1,0,0,0,0,1,ok
001426,1,0,0,0,0,1,ok
001427,1,0,0,0,0,1,ok
001428,1,0,0,0,1,2,ok
001429,1,0,0,0,0,1,ok
001430,0,0,0,1,1,2,ok
001431,0,0,0,1,1,2,ok
001432,1,0,0,0,0,1,ok
001433,1,1,1,0,1,4,ok
001434,1,0,0,0,0,1,ok
001435,1,0,0,1,0,2,ok
001436,1,0,0,0,0,1,ok
001437,1,0,0,0,0,1,ok
001438,0,0,0,1,0,1,ok
001439,1,0,0,0,0,1,ok
001440,1,0,0,0,0,1,ok
001441,1,0,0,0,1,2,ok
001442,0,0,0,0,0,0,ok
001443,1,0,0,0,0,1,ok
001444,0,0,0,0,1,1,ok
001445,0,0,0,1,0,1,ok
001446,1,0,0,0,0,1,ok
001447,0,0,0,0,0,0,ok
001448,0,0,0,0,0,0,ok
001449,1,0,0,0,1,2,ok
001450,0,0,0,0,0,0,ok
001451,1,1,0,0,0,2,ok
001452,1,0,0,0,0,1,ok
001453,1,0,0,1,0,2,ok
001454,0,0,0,0,0,0,ok
001455,0,0,0,1,0,1,ok
001456,1,0,0,0,0,1,ok
001457,1,0,0,0,0,1,ok
001458,1,1,0,0,0,2,ok
001459,0,0,0,0,0,0,ok
001460,1,0,0,0,0,1,ok
001461,1,0,0,1,0,2,ok
001462,1,1,0,0,1,3,ok
001463,1,0,0,0,1,2,ok
001464,1,0,0,1,0,2,ok
001465,1,0,0,0,1,2,ok
001466,1,0,0,0,0,1,ok
001467,1,0,0,1,0,2,ok
001468,0,0,0,0,1,1,ok
001469,1,0,0,0,0,1,ok
001470,0,0,0,0,0,0,ok
001471,0,0,0,0,0,0,ok
001472,1,0,0,1,1,3,ok
001473,0,0,0,0,1,1,ok
001474,1,0,0,0,1,2,ok
001475,1,0,0,0,0,1,ok
001476,1,0,1,0,1,3,ok
001477,1,0,0,1,0,2,ok
001478,1,0,1,0,1,3,ok
001479,1,0,0,0,0,1,ok
001480,0,0,0,0,0,0,ok
001481,1,0,0,0,0,1,ok
001482,0,0,0,0,0,0,ok
001483,1,0,0,0,0,1,ok
001484,1,0,0,0,0,1,ok
001485,1,0,0,0,1,2,ok
001486,1,0,0,0,0,1,ok
001487,1,0,0,0,0,1,ok
001488,0,0,0,0,0,0,ok
001489,0,0,0,1,0,1,ok
001490,1,0,0,0,0,1,ok
001491,1,1,0,1,0,3,ok
001492,1,0,0,0,0,1,ok
001493,1,1,0,0,0,2,ok
001494,0,0,0,0,1,1,ok
001495,0,0,0,0,0,0,ok
001496,0,0,0,0,0,0,ok
001497,0,0,0,1,0,1,ok
001498,0,0,0,0,0,0,ok
001499,1,0,0,0,0,1,ok
001500,0,0,0,0,0,0,ok
001501,1,0,0,0,0,1,ok
001502,0,0,0,1,0,1,ok
001503,1,0,0,0,1,2,ok
001504,0,0,0,1,0,1,ok
001505,1,0,0,0,0,1,ok
001506,1,0,0,0,1,2,ok
001507,0,0,0,1,0,1,ok
001508,0,0,0,1,0,1,ok
001509,1,0,0,1,0,2,ok
001510,0,0,0,0,1,1,ok
001511,0,0,0,0,1,1,ok
001512,0,0,0,0,1,1,ok
001513,1,0,0,0,0,1,ok
001514,1,0,0,0,1,2,ok
001515,1,0,0,0,0,1,ok
001516,1,1,0,0,0,2,ok
001517,1,0,0,0,0,1,ok
001518,1,0,0,0,0,1,ok
001519,1,0,0,0,0,1,ok
001520,1,0,0,1,0,2,ok
001521,1,0,0,0,1,2,ok
001522,0,0,0,1,0,1,ok
001523,1,0,0,1,0,2,ok
001524,1,0,0,0,0,1,ok
001525,1,0,0,1,0,2,ok
001526,0,0,0,0,1,1,ok
001527,1,0,0,0,1,2,ok
001528,1,0,0,0,0,1,ok
001529,1,0,0,0,1,2,ok
001530,1,1,0,0,0,2,ok
001531,1,0,0,0,0,1,ok
001532,0,0,0,0,1,1,ok
001533,1,0,0,0,1,2,ok
001534,1,0,0,0,0,1,ok
001535,1,0,0,0,0,1,ok
001536,1,0,0,0,0,1,ok
001537,1,0,0,0,1,2,ok
001538,1,0,0,0,0,1,ok
001539,0,0,0,0,0,0,ok
001540,1,0,0,1,1,3,ok
001541,1,0,0,0,0,1,ok
001542,0,0,0,0,0,0,ok
001543,1,0,0,0,0,1,ok
001544,1,0,0,0,0,1,ok
001545,1,0,0,1,0,2,ok
001546,0,0,0,0,1,1,ok
001547,0,0,0,0,1,1,ok
001548,0,0,0,0,1,1,ok
001549,1,0,0,0,0,1,ok
001550,1,0,0,0,0,1,ok
001551,1,0,0,0,1,2,ok
001552,1,0,0,0,1,2,ok
001553,1,0,0,1,0,2,ok
001554,1,0,0,0,1,2,ok
001555,1,0,0,0,0,1,ok
001556,0,0,0,0,0,0,ok
001557,1,1,0,0,1,3,ok
001558,0,0,0,0,0,0,ok
001559,1,0,1,0,0,2,ok
001560,0,0,0,0,0,0,ok
001561,1,1,0,0,0,2,ok
001562,1,0,0,0,0,1,ok
001563,1,0,0,0,0,1,ok
001564,0,0,0,0,0,0,ok
001565,0,0,0,0,0,0,ok
001566,1,0,0,0,0,1,ok
001567,1,0,0,0,0,1,ok
001568,0,0,0,0,1,1,ok
001569,0,0,0,0,0,0,ok
001570,1,0,0,1,1,3,ok
001571,0,0,0,1,0,1,ok
001572,1,0,0,0,0,1,ok
001573,0,0,0,0,0,0,ok
001574,0,0,0,0,0,0,ok
001575,0,0,0,0,0,0,ok
001576,1,0,0,0,0,1,ok
001577,0,0,0,0,0,0,ok
001578,1,0,0,0,0,1,ok
001579,0,0,0,1,0,1,ok
001580,1,0,0,0,1,2,ok
001581,0,0,0,0,0,0,ok
001582,1,1,0,0,0,2,ok
001583,0,0,0,0,0,0,ok
001584,1,0,0,0,1,2,ok
001585,1,0,0,0,0,1,ok
001586,1,0,0,0,0,1,ok
001587,1,1,0,1,0,3,ok
001588,1,0,0,1,0,2,ok
001589,0,0,0,0,0,0,ok
001590,1,0,0,0,0,1,ok
001591,1,0,0,1,0,2,ok
001592,1,0,0,1,0,2,ok
001593,1,1,0,1,0,3,ok
001594,1,0,0,0,1,2,ok
001595,0,0,0,0,0,0,ok
001596,1,0,0,0,0,1,ok
001597,0,0,0,1,0,1,ok
001598,1,0,0,0,0,1,ok
001599,1,0,0,0,0,1,ok
001600,0,1,0,0,1,2,ok
001601,1,0,0,0,0,1,ok
001602,0,0,0,0,0,0,ok
001603,1,0,0,0,0,1,ok
001604,0,0,0,0,0,0,ok
001605,0,0,0,0,0,0,ok
001606,0,1,0,0,1,2,ok
001607,1,0,0,0,0,1,ok
001608,1,0,1,0,0,2,ok
001609,0,0,0,1,0,1,ok
001610,1,0,0,0,0,1,ok
001611,1,0,0,0,0,1,ok
001612,1,0,0,0,0,1,ok
001613,0,1,1,0,1,3,ok
001614,1,0,0,0,0,1,ok
001615,1,1,0,0,0,2,ok
001616,1,0,0,0,0,1,ok
001617,1,0,0,0,1,2,ok
001618,1,0,0,0,0,1,ok
001619,0,0,0,1,0,1,ok
001620,0,0,0,1,1,2,ok
001621,0,0,0,0,0,0,ok
001622,0,0,0,0,1,1,ok
001623,0,1,0,0,0,1,ok
001624,0,0,0,1,0,1,ok
001625,1,0,0,0,0,1,ok
001626,1,0,0,1,0,2,ok
001627,0,0,0,1,0,1,ok
001628,1,0,0,1,0,2,ok
001629,1,0,0,0,0,1,ok
001630,1,0,0,0,0,1,ok
001631,1,0,0,0,0,1,ok
001632,1,0,0,0,0,1,ok
001633,1,0,0,0,1,2,ok
001634,1,0,0,0,0,1,ok
001635,0,0,0,0,0,0,ok
001636,1,0,0,0,0,1,ok
001637,1,1,0,0,0,2,ok
001638,1,0,0,0,0,1,ok
001639,0,0,0,0,0,0,ok
001640,1,0,0,0,0,1,ok
001641,1,0,0,0,0,1,ok
001642,1,0,0,0,0,1,ok
001643,0,1,0,0,0,1,ok
001644,0,0,1,0,1,2,ok
001645,1,0,0,0,0,1,ok
001646,0,0,0,0,1,1,ok
001647,0,0,0,0,0,0,ok
001648,0,0,0,0,0,0,ok
001649,1,0,0,0,0,1,ok
001650,1,0,0,0,0,1,ok
001651,1,0,0,0,0,1,ok
001652,1,0,0,0,1,2,ok
001653,0,0,0,1,0,1,ok
001654,0,0,0,1,0,1,ok
001655,1,0,0,0,1,2,ok
001656,1,0,0,1,0,2,ok
001657,1,0,0,0,0,1,ok
001658,0,0,0,0,0,0,ok
001659,1,0,0,0,0,1,ok
001660,1,0,0,0,0,1,ok
001661,0,0,0,0,0,0,ok
001662,0,0,0,0,0,0,ok
001663,0,0,0,0,0,0,ok
001664,0,0,0,0,0,0,ok
001665,0,0,0,0,1,1,ok
001666,1,0,0,0,0,1,ok
001667,0,0,0,0,1,1,ok
001668,1,0,0,0,0,1,ok
001669,0,0,0,0,0,0,ok
001670,0,0,0,0,0,0,ok
001671,0,0,0,0,0,0,ok
001672,1,0,0,0,1,2,ok
001673,0,0,0,1,1,2,ok
001674,1,0,1,0,0,2,ok
001675,1,0,0,0,0,1,ok
001676,0,0,0,0,1,1,ok
001677,0,0,0,0,0,0,ok
001678,0,0,0,0,1,1,ok
001679,0,0,0,1,0,1,ok
001680,1,0,0,0,0,1,ok
001681,0,0,0,0,0,0,ok
001682,0,0,0,0,0,0,ok
001683,1,0,0,1,1,3,ok
001684,1,0,0,0,1,2,ok
001685,1,0,1,0,0,2,ok
001686,1,0,0,0,1,2,ok
001687,1,0,1,0,0,2,ok
001688,0,0,0,0,0,0,ok
001689,0,0,0,1,0,1,ok
001690,1,0,0,1,1,3,ok
001691,0,0,0,0,0,0,ok
001692,1,0,0,0,1,2,ok
001693,1,0,0,0,0,1,ok
001694,0,0,1,0,1,2,ok
001695,1,1,0,1,0,3,ok
001696,1,0,0,0,0,1,ok
001697,0,0,0,0,0,0,ok
001698,1,0,0,0,0,1,ok
001699,0,0,0,0,1,1,ok
001700,1,0,0,0,0,1,ok
001701,1,0,0,0,0,1,ok
001702,1,0,0,0,0,1,ok
001703,1,1,0,1,0,3,ok
001704,1,0,0,0,1,2,ok
001705,1,0,0,0,0,1,ok
001706,1,0,0,1,0,2,ok
001707,1,0,0,0,0,1,ok
001708,1,0,0,1,0,2,ok
001709,1,0,0,1,0,2,ok
001710,1,0,0,1,0,2,ok
001711,1,0,0,0,0,1,ok
001712,0,0,0,0,0,0,ok
001713,0,0,0,0,0,0,ok
001714,1,0,1,0,0,2,ok
001715,1,0,0,0,0,1,ok
001716,0,0,0,0,1,1,ok
001717,1,0,0,1,1,3,ok
001718,0,0,0,0,0,0,ok
001719,1,0,0,1,1,3,ok
001720,0,0,0,0,0,0,ok
001721,1,0,0,1,1,3,ok
001722,0,0,0,0,0,0,ok
001723,1,0,0,0,0,1,ok
001724,0,0,0,0,1,1,ok
001725,0,0,0,0,0,0,ok
001726,1,0,0,1,1,3,ok
001727,0,0,0,1,0,1,ok
001728,0,0,0,0,0,0,ok
001729,1,0,0,0,0,1,ok
001730,1,0,0,1,0,2,ok
001731,0,0,0,1,1,2,ok
001732,1,1,0,0,0,2,ok
001733,0,0,0,0,1,1,ok
001734,1,0,0,0,0,1,ok
001735,1,0,0,0,0,1,ok
001736,1,1,0,0,1,3,ok
001737,1,0,0,0,0,1,ok
001738,1,0,0,1,0,2,ok
001739,1,1,0,0,0,2,ok
001740,1,0,0,0,0,1,ok
001741,1,1,0,0,0,2,ok
001742,1,0,0,0,1,2,ok
001743,0,0,0,1,0,1,ok
001744,0,0,0,1,0,1,ok
001745,1,0,1,0,1,3,ok
001746,0,0,0,0,0,0,ok
001747,1,0,1,0,0,2,ok
001748,1,0,0,1,0,2,ok
001749,1,0,0,0,0,1,ok
001750,1,0,0,0,0,1,ok
001751,1,0,0,0,0,1,ok
001752,0,0,0,0,0,0,ok
001753,0,1,0,0,0,1,ok
001754,1,0,0,0,0,1,ok
001755,0,0,0,0,0,0,ok
001756,1,0,0,1,0,2,ok
001757,1,0,0,0,0,1,ok
001758,1,0,0,0,0,1,ok
001759,0,0,0,0,0,0,ok
001760,0,0,0,1,0,1,ok
001761,1,0,0,0,0,1,ok
001762,1,0,0,0,0,1,ok
001763,1,0,0,0,1,2,ok
001764,1,0,0,0,0,1,ok
001765,0,0,0,1,0,1,ok
001766,1,0,0,0,0,1,ok
001767,0,0,1,0,1,2,ok
001768,0,1,0,0,1,2,ok
001769,1,0,1,0,1,3,ok
001770,1,0,0,0,1,2,ok
001771,1,1,0,0,1,3,ok
001772,0,0,0,1,0,1,ok
001773,1,0,0,1,0,2,ok
001774,1,0,0,0,0,1,ok
001775,0,0,0,0,0,0,ok
001776,0,0,0,0,1,1,ok
001777,1,0,0,0,0,1,ok
001778,0,0,0,0,0,0,ok
001779,1,0,0,0,0,1,ok
001780,0,0,0,0,0,0,ok
001781,0,1,0,0,1,2,ok
001782,1,0,0,1,0,2,ok
001783,1,0,0,0,0,1,ok
001784,1,0,0,0,0,1,ok
001785,0,0,0,0,1,1,ok
001786,1,0,0,0,1,2,ok
001787,1,1,0,0,0,2,ok
001788,0,0,0,0,0,0,ok
001789,0,0,0,0,1,1,ok
001790,0,0,0,0,1,1,ok
001791,1,0,0,0,0,1,ok
001792,0,0,0,0,1,1,ok
001793,1,0,0,1,0,2,ok
001794,1,0,0,1,1,3,ok
001795,1,0,0,0,0,1,ok
001796,0,0,0,1,0,1,ok
001797,1,0,0,0,0,1,ok
001798,0,0,0,0,1,1,ok
001799,0,0,0,0,0,0,ok
001800,1,0,0,1,0,2,ok
001801,0,0,0,0,0,0,ok
001802,1,0,0,1,1,3,ok
001803,0,0,0,0,1,1,ok
001804,1,0,0,0,0,1,ok
001805,0,0,0,0,0,0,ok
001806,1,0,0,1,0,2,ok
001807,0,0,0,1,0,1,ok
001808,0,0,0,0,0,0,ok
001809,1,0,0,0,0,1,ok
001810,1,0,0,1,1,3,ok
001811,0,0,0,0,0,0,ok
001812,0,0,0,0,0,0,ok
001813,1,0,0,1,0,2,ok
001814,0,0,0,0,1,1,ok
001815,0,0,0,0,0,0,ok
001816,0,0,0,0,0,0,ok
001817,1,0,0,1,1,3,ok
001818,1,0,0,0,0,1,ok
001819,1,0,0,0,1,2,ok
001820,1,0,0,1,0,2,ok
001821,0,0,0,1,0,1,ok
001822,1,0,0,0,1,2,ok
001823,1,0,0,0,0,1,ok
001824,1,0,0,0,0,1,ok
001825,1,0,0,0,0,1,ok
001826,0,0,0,1,0,1,ok
001827,1,0,0,0,0,1,ok
001828,1,0,0,0,0,1,ok
001829,1,0,0,0,1,2,ok
001830,1,0,0,0,0,1,ok
001831,1,0,0,0,1,2,ok
001832,1,0,0,0,0,1,ok
001833,0,1,1,0,1,3,ok
001834,0,0,0,1,0,1,ok
001835,0,0,1,0,1,2,ok
001836,0,0,0,1,0,1,ok
001837,1,0,0,0,0,1,ok
001838,0,0,0,0,0,0,ok
001839,1,0,0,0,1,2,ok
001840,1,0,0,0,0,1,ok
001841,1,0,0,1,0,2,ok
001842,1,0,0,0,1,2,ok
001843,0,0,0,0,0,0,ok
001844,1,0,0,0,1,2,ok
001845,0,0,0,0,0,0,ok
001846,0,0,0,0,0,0,ok
001847,1,0,0,0,0,1,ok
001848,1,0,0,1,0,2,ok
001849,0,0,0,0,0,0,ok
001850,1,0,0,0,1,2,ok
001851,1,0,0,0,0,1,ok
001852,1,0,0,0,0,1,ok
001853,1,0,0,0,0,1,ok
001854,1,0,0,0,1,2,ok
001855,1,0,0,1,1,3,ok
001856,1,1,0,1,0,3,ok
001857,0,0,0,0,0,0,ok
001858,0,0,0,0,0,0,ok
001859,1,0,0,0,0,1,ok
001860,1,1,0,0,0,2,ok
001861,1,0,0,0,0,1,ok
001862,1,0,0,0,1,2,ok
001863,0,0,0,0,0,0,ok
001864,1,0,0,1,1,3,ok
001865,1,1,0,1,1,4,ok
001866,0,0,1,0,1,2,ok
001867,1,0,0,1,0,2,ok
001868,1,0,0,0,0,1,ok
001869,1,0,0,1,0,2,ok
001870,0,0,0,0,1,1,ok
001871,1,0,0,1,0,2,ok
001872,0,1,0,1,0,2,ok
001873,1,0,0,0,0,1,ok
001874,0,0,0,0,0,0,ok
001875,1,0,0,0,0,1,ok
001876,0,0,0,0,0,0,ok
001877,1,0,0,1,0,2,ok
001878,1,0,0,0,0,1,ok
001879,1,0,0,1,0,2,ok
001880,1,0,0,0,0,1,ok
001881,0,0,0,0,0,0,ok
001882,1,0,0,0,0,1,ok
001883,0,1,0,0,0,1,ok
001884,1,1,0,0,0,2,ok
001885,1,0,0,0,0,1,ok
001886,0,0,0,0,0,0,ok
001887,1,0,0,0,0,1,ok
001888,1,0,0,0,1,2,ok
001889,1,0,1,1,0,3,ok
001890,1,0,0,0,0,1,ok
001891,1,0,0,0,0,1,ok
001892,0,0,0,0,0,0,ok
001893,1,0,0,0,1,2,ok
001894,1,0,0,0,0,1,ok
001895,0,0,0,0,0,0,ok
001896,1,0,0,0,0,1,ok
001897,1,0,0,0,0,1,ok
001898,1,1,0,0,1,3,ok
001899,0,0,0,0,1,1,ok
001900,0,0,0,0,0,0,ok
001901,1,0,1,0,1,3,ok
001902,0,0,0,0,0,0,ok
001903,1,0,0,1,0,2,ok
001904,1,0,0,0,0,1,ok
001905,0,0,0,0,0,0,ok
001906,0,0,0,0,1,1,ok
001907,0,1,0,0,1,2,ok
001908,1,0,0,0,0,1,ok
001909,1,0,0,0,0,1,ok
001910,1,0,0,0,1,2,ok
001911,1,0,0,0,0,1,ok
001912,1,0,0,0,0,1,ok
001913,1,0,0,0,0,1,ok
001914,1,0,0,0,0,1,ok
001915,1,0,0,1,0,2,ok
001916,0,0,0,0,1,1,ok
001917,1,0,0,0,1,2,ok
001918,0,0,0,0,0,0,ok
001919,1,0,0,0,1,2,ok
001920,1,0,0,1,0,2,ok
001921,0,0,1,0,1,2,ok
001922,1,0,0,1,0,2,ok
001923,0,0,0,0,0,0,ok
001924,0,0,0,0,0,0,ok
001925,1,1,0,1,0,3,ok
001926,0,0,0,0,0,0,ok
001927,1,0,0,0,0,1,ok
001928,0,0,0,1,0,1,ok
001929,1,0,0,1,0,2,ok
001930,1,0,1,0,0,2,ok
001931,1,0,0,1,0,2,ok
001932,1,0,0,0,0,1,ok
001933,1,0,1,0,0,2,ok
001934,0,0,0,0,0,0,ok
001935,0,0,1,0,0,1,ok
001936,0,0,0,0,1,1,ok
001937,0,0,0,0,0,0,ok
001938,1,0,0,0,0,1,ok
001939,1,0,0,0,1,2,ok
001940,1,0,0,0,1,2,ok
001941,0,0,0,1,0,1,ok
001942,1,0,0,0,0,1,ok
001943,0,0,0,0,0,0,ok
001944,1,0,0,0,0,1,ok
001945,1,0,0,0,0,1,ok
001946,1,0,0,0,1,2,ok
001947,0,0,0,0,1,1,ok
001948,1,0,0,1,0,2,ok
001949,1,0,0,1,0,2,ok
001950,0,0,0,0,1,1,ok
001951,0,0,0,0,0,0,ok
001952,1,0,0,1,1,3,ok
001953,1,1,0,0,1,3,ok
001954,0,0,0,0,0,0,ok
001955,1,0,0,0,0,1,ok
001956,0,0,0,0,0,0,ok
001957,1,0,0,0,1,2,ok
001958,0,0,0,0,0,0,ok
001959,1,0,1,0,0,2,ok
001960,0,0,0,0,1,1,ok
001961,1,0,0,0,0,1,ok
001962,0,0,0,0,0,0,ok
001963,0,0,0,0,1,1,ok
001964,1,0,0,0,0,1,ok
001965,0,1,0,1,0,2,ok
001966,0,0,0,1,0,1,ok
001967,1,1,0,0,0,2,ok
001968,0,0,0,0,0,0,ok
001969,1,0,0,0,0,1,ok
001970,0,0,0,0,0,0,ok
001971,1,0,0,0,0,1,ok
001972,1,0,0,0,0,1,ok
001973,0,0,0,0,0,0,ok
001974,1,0,0,0,0,1,ok
001975,1,0,0,0,0,1,ok
001976,1,0,1,1,0,3,ok
001977,1,0,0,0,1,2,ok
001978,1,1,0,0,0,2,ok
001979,1,0,0,0,1,2,ok
001980,1,0,1,0,1,3,ok
001981,1,0,0,0,0,1,ok
001982,0,0,0,0,0,0,ok
001983,1,0,0,0,0,1,ok
001984,0,0,0,0,0,0,ok
001985,1,0,1,0,0,2,ok
001986,1,0,0,1,0,2,ok
001987,1,0,1,0,0,2,ok
001988,1,0,0,0,0,1,ok
001989,1,0,0,0,0,1,ok
001990,0,0,0,0,0,0,ok
001991,1,0,0,0,0,1,ok
001992,1,0,0,0,0,1,ok
001993,1,0,0,0,1,2,ok
001994,0,0,0,1,0,1,ok
001995,0,1,0,0,0,1,ok
001996,0,0,0,1,0,1,ok
001997,0,0,0,1,1,2,ok
001998,1,0,0,0,0,1,ok
001999,1,0,0,0,0,1,ok
002000,1,0,0,0,0,1,ok
002001,1,0,0,0,0,1,ok
002002,1,0,0,0,0,1,ok
002003,1,1,0,0,0,2,ok
002004,1,0,0,1,0,2,ok
002005,0,0,0,1,0,1,ok
002006,1,0,0,0,1,2,ok
002007,1,0,0,0,0,1,ok
002008,0,0,0,0,1,1,ok
002009,1,0,0,0,0,1,ok
002010,1,0,0,0,0,1,ok
002011,1,0,1,0,0,2,ok
002012,1,0,0,0,1,2,ok
002013,1,0,0,0,1,2,ok
002014,0,0,0,0,0,0,ok
002015,0,0,0,0,0,0,ok
002016,1,0,0,0,0,1,ok
002017,0,0,0,0,0,0,ok
002018,1,0,0,0,0,1,ok
002019,1,1,0,0,0,2,ok
002020,1,0,0,0,1,2,ok
002021,0,0,0,0,0,0,ok
002022,0,0,0,0,0,0,ok
002023,1,0,0,0,0,1,ok
002024,1,0,0,0,0,1,ok
002025,1,0,0,0,0,1,ok
002026,0,0,0,1,0,1,ok
002027,1,0,0,0,0,1,ok
002028,1,0,0,0,0,1,ok
002029,0,0,0,1,0,1,ok
002030,0,1,0,1,1,3,ok
002031,1,0,0,0,0,1,ok
002032,1,0,0,0,0,1,ok
002033,0,0,0,0,0,0,ok
002034,0,0,0,0,0,0,ok
002035,1,0,0,1,0,2,ok
002036,1,0,0,0,0,1,ok
002037,1,0,0,0,0,1,ok
002038,1,0,0,0,0,1,ok
002039,0,0,0,1,0,1,ok
002040,1,0,0,0,0,1,ok
002041,1,0,0,0,0,1,ok
002042,1,0,0,0,0,1,ok
002043,0,0,0,0,0,0,ok
002044,1,0,0,0,0,1,ok
002045,1,0,0,0,0,1,ok
002046,1,0,0,0,0,1,ok
002047,1,0,0,0,0,1,ok
002048,0,0,0,0,1,1,ok
002049,0,0,0,1,0,1,ok
002050,1,0,0,1,0,2,ok
002051,1,1,1,0,1,4,ok
002052,1,0,0,0,0,1,ok
002053,1,0,0,0,0,1,ok
002054,1,0,0,0,1,2,ok
002055,1,0,0,0,0,1,ok
002056,0,1,0,1,0,2,ok
002057,0,0,0,0,0,0,ok
002058,1,0,0,0,0,1,ok
002059,1,0,0,0,0,1,ok
002060,0,0,0,1,0,1,ok
002061,0,0,0,1,0,1,ok
002062,0,0,0,0,0,0,ok
002063,0,0,1,0,0,1,ok
002064,1,0,0,0,0,1,ok
002065,0,0,0,1,0,1,ok
002066,1,0,0,1,0,2,ok
002067,1,0,0,0,1,2,ok
002068,1,0,0,0,0,1,ok
002069,1,0,0,0,0,1,ok
002070,0,0,0,0,0,0,ok
002071,0,0,0,1,0,1,ok
002072,0,1,0,0,0,1,ok
002073,0,0,0,1,0,1,ok
002074,0,0,0,0,0,0,ok
002075,1,1,0,0,0,2,ok
002076,1,0,0,1,0,2,ok
002077,0,0,0,0,0,0,ok
002078,1,0,0,0,1,2,ok
002079,1,0,1,0,0,2,ok
002080,1,0,0,0,0,1,ok
002081,1,0,0,0,0,1,ok
002082,1,0,0,1,0,2,ok
002083,1,0,0,0,1,2,ok
002084,0,0,0,0,0,0,ok
002085,1,0,0,0,0,1,ok
002086,0,0,0,0,0,0,ok
002087,0,1,0,1,0,2,ok
002088,1,0,0,0,0,1,ok
002089,1,0,0,0,0,1,ok
002090,1,1,0,0,0,2,ok
002091,1,0,0,0,1,2,ok
002092,1,0,0,0,0,1,ok
002093,1,0,1,0,0,2,ok
002094,0,0,0,1,0,1,ok
002095,0,0,0,0,0,0,ok
002096,0,0,0,0,0,0,ok
002097,1,0,0,0,0,1,ok
002098,1,0,0,1,0,2,ok
002099,0,0,0,0,0,0,ok
002100,1,0,0,0,0,1,ok
002101,1,0,0,0,0,1,ok
002102,1,0,0,1,0,2,ok
002103,1,0,0,0,0,1,ok
002104,0,0,0,1,0,1,ok
002105,0,0,0,0,0,0,ok
002106,1,0,0,0,0,1,ok
002107,1,0,0,0,1,2,ok
002108,0,0,0,0,0,0,ok
002109,0,0,0,1,1,2,ok
002110,1,0,0,0,0,1,ok
002111,1,0,0,0,0,1,ok
002112,1,0,0,0,1,2,ok
002113,0,0,0,0,1,1,ok
002114,1,0,0,0,0,1,ok
002115,1,0,0,0,0,1,ok
002116,1,0,0,0,0,1,ok
002117,1,0,0,0,1,2,ok
002118,0,0,0,0,0,0,ok
002119,1,0,0,1,0,2,ok
002120,0,0,0,0,1,1,ok
002121,0,0,0,0,0,0,ok
002122,1,0,0,0,0,1,ok
002123,1,0,0,0,0,1,ok
002124,1,0,0,0,1,2,ok
002125,0,0,1,0,1,2,ok
002126,0,1,0,0,0,1,ok
002127,1,0,0,1,1,3,ok
002128,1,0,0,0,0,1,ok
002129,1,0,0,0,0,1,ok
002130,1,0,0,0,0,1,ok
002131,0,0,0,0,0,0,ok
002132,1,0,0,1,0,2,ok
002133,1,0,0,0,0,1,ok
002134,1,0,0,0,0,1,ok
002135,1,0,0,0,0,1,ok
002136,0,0,0,1,0,1,ok
002137,1,0,0,0,1,2,ok
002138,1,0,0,0,0,1,ok
002139,1,0,0,0,0,1,ok
002140,1,0,0,0,0,1,ok
002141,0,0,0,1,0,1,ok
002142,0,0,1,0,0,1,ok
002143,1,0,0,0,0,1,ok
002144,0,0,0,1,0,1,ok
002145,1,0,0,0,0,1,ok
002146,1,0,0,0,0,1,ok
002147,1,0,0,1,0,2,ok
002148,1,0,0,0,0,1,ok
002149,1,0,0,1,0,2,ok
002150,1,0,0,0,0,1,ok
002151,0,0,0,1,0,1,ok
002152,1,0,0,0,0,1,ok
002153,0,0,0,0,1,1,ok
002154,1,0,0,0,0,1,ok
002155,0,0,0,0,0,0,ok
002156,1,0,0,0,0,1,ok
002157,1,0,0,0,0,1,ok
002158,0,0,0,1,1,2,ok
002159,1,0,0,0,0,1,ok
002160,1,0,0,0,0,1,ok
002161,0,0,0,1,0,1,ok
002162,0,0,0,0,0,0,ok
002163,1,0,0,0,0,1,ok
002164,1,0,1,0,0,2,ok
002165,1,0,0,1,1,3,ok
002166,0,0,0,0,0,0,ok
002167,1,0,0,0,0,1,ok
002168,1,0,0,0,0,1,ok
002169,0,0,0,0,0,0,ok
002170,0,0,0,1,0,1,ok
002171,0,0,0,0,1,1,ok
002172,1,0,0,0,0,1,ok
002173,1,0,0,0,1,2,ok
002174,0,0,1,0,1,2,ok
002175,1,0,0,0,0,1,ok
002176,1,0,0,0,0,1,ok
002177,1,1,0,0,0,2,ok
002178,1,0,0,0,0,1,ok
002179,1,0,0,1,0,2,ok
002180,0,0,0,0,1,1,ok
002181,0,0,0,0,0,0,ok
002182,0,0,0,0,0,0,ok
002183,1,0,0,0,0,1,ok
002184,1,0,0,1,0,2,ok
002185,1,0,0,0,0,1,ok
002186,0,0,0,0,1,1,ok
002187,1,0,0,0,0,1,ok
002188,0,0,0,0,0,0,ok
002189,0,0,0,0,0,0,ok
002190,0,0,0,0,0,0,ok
002191,1,0,0,0,0,1,ok
002192,1,0,0,0,0,1,ok
002193,1,0,0,0,0,1,ok
002194,0,0,0,0,0,0,ok
002195,1,0,0,1,0,2,ok
002196,1,0,0,0,0,1,ok
002197,1,0,0,0,0,1,ok
002198,0,0,0,1,0,1,ok
002199,1,0,0,0,1,2,ok
002200,1,0,0,0,0,1,ok
002201,1,0,0,0,0,1,ok
002202,0,0,0,0,0,0,ok
002203,1,0,0,1,0,2,ok
002204,0,0,0,0,1,1,ok
002205,0,0,0,0,0,0,ok
002206,1,0,0,0,1,2,ok
002207,0,0,0,0,0,0,ok
002208,0,0,0,0,0,0,ok
002209,1,0,1,0,0,2,ok
002210,1,0,0,0,1,2,ok
002211,0,0,1,0,0,1,ok
002212,1,0,0,1,0,2,ok
002213,1,0,0,0,0,1,ok
002214,1,0,0,0,0,1,ok
002215,0,0,0,0,0,0,ok
002216,1,0,0,0,0,1,ok
002217,0,0,0,0,0,0,ok
002218,1,0,0,0,0,1,ok
002219,1,0,0,0,0,1,ok
002220,0,0,0,1,0,1,ok
002221,0,0,0,0,0,0,ok
002222,0,0,1,0,1,2,ok
002223,0,0,0,0,0,0,ok
002224,0,0,0,0,0,0,ok
002225,0,0,0,0,0,0,ok
002226,1,0,0,0,0,1,ok
002227,0,0,0,0,0,0,ok
002228,1,0,1,0,1,3,ok
002229,0,0,0,0,0,0,ok
002230,1,0,0,0,0,1,ok
002231,1,0,0,0,1,2,ok
002232,1,0,0,0,0,1,ok
002233,0,0,0,0,0,0,ok
002234,0,0,0,0,0,0,ok
002235,1,0,0,0,0,1,ok
002236,1,0,0,0,0,1,ok
002237,1,0,0,1,0,2,ok
002238,1,0,0,0,0,1,ok
002239,1,0,0,0,0,1,ok
002240,0,0,0,0,1,1,ok
002241,1,0,0,0,0,1,ok
002242,1,0,0,0,1,2,ok
002243,1,0,0,0,1,2,ok
002244,1,0,0,0,0,1,ok
002245,1,0,0,1,0,2,ok
002246,0,0,0,0,0,0,ok
002247,1,0,1,0,0,2,ok
002248,1,0,0,0,0,1,ok
002249,1,0,0,0,0,1,ok
002250,0,1,0,0,0,1,ok
002251,1,0,0,0,0,1,ok
002252,0,1,0,0,1,2,ok
002253,1,0,0,1,0,2,ok
002254,1,1,0,0,0,2,ok
002255,0,1,0,0,0,1,ok
002256,1,0,0,0,0,1,ok
002257,1,0,0,0,0,1,ok
002258,0,0,0,0,0,0,ok
002259,1,0,0,1,0,2,ok
002260,1,0,0,0,0,1,ok
002261,1,0,0,1,0,2,ok
002262,0,0,0,1,0,1,ok
002263,1,0,0,0,0,1,ok
002264,0,0,0,0,0,0,ok
002265,0,0,0,0,0,0,ok
002266,0,0,0,0,0,0,ok
002267,1,0,0,0,1,2,ok
002268,1,0,0,0,0,1,ok
002269,1,0,0,1,0,2,ok
002270,1,0,0,1,0,2,ok
002271,1,0,0,0,1,2,ok
002272,0,0,0,0,0,0,ok
002273,0,0,0,1,0,1,ok
002274,1,0,0,0,0,1,ok
002275,0,0,0,0,1,1,ok
002276,1,0,1,0,0,2,ok
002277,0,1,0,0,0,1,ok
002278,0,1,0,0,1,2,ok
002279,0,0,0,0,0,0,ok
002280,1,0,0,0,1,2,ok
002281,1,0,0,1,0,2,ok
002282,1,0,0,0,0,1,ok
002283,1,0,0,0,1,2,ok
002284,0,0,0,1,1,2,ok
002285,1,0,0,0,0,1,ok
002286,1,0,0,0,0,1,ok
002287,0,0,0,0,0,0,ok
002288,1,0,0,0,1,2,ok
002289,0,0,0,0,0,0,ok
002290,0,0,0,0,0,0,ok
002291,1,0,0,1,0,2,ok
002292,1,0,0,0,1,2,ok
002293,1,0,0,0,0,1,ok
002294,1,0,0,0,0,1,ok
002295,1,0,0,0,0,1,ok
002296,1,0,0,0,0,1,ok
002297,0,1,0,0,0,1,ok
002298,1,0,0,0,1,2,ok
002299,1,0,0,0,0,1,ok
002300,0,0,0,0,0,0,ok
002301,0,0,0,0,0,0,ok
002302,0,0,0,0,0,0,ok
002303,0,0,0,0,0,0,ok
002304,1,0,1,0,0,2,ok
002305,0,0,0,0,0,0,ok
002306,0,0,0,1,0,1,ok
002307,0,0,0,0,0,0,ok
002308,1,0,0,1,0,2,ok
002309,1,0,1,0,1,3,ok
002310,1,0,0,1,0,2,ok
002311,1,0,0,0,1,2,ok
002312,1,0,0,0,1,2,ok
002313,1,0,0,0,0,1,ok
002314,1,0,0,0,1,2,ok
002315,0,0,1,0,0,1,ok
002316,0,0,0,0,0,0,ok
002317,1,0,0,0,0,1,ok
002318,1,1,0,0,0,2,ok
002319,0,0,0,0,0,0,ok
002320,1,0,0,1,1,3,ok
002321,0,0,0,0,0,0,ok
002322,0,0,0,1,0,1,ok
002323,0,0,0,1,1,2,ok
002324,1,0,0,0,0,1,ok
002325,0,0,0,1,0,1,ok
002326,1,0,0,0,1,2,ok
002327,1,0,0,1,0,2,ok
002328,0,0,0,1,1,2,ok
002329,0,0,0,1,0,1,ok
002330,1,0,0,0,0,1,ok
002331,1,0,0,0,0,1,ok
002332,1,0,0,0,0,1,ok
002333,1,0,0,0,0,1,ok
002334,1,0,0,0,1,2,ok
002335,0,0,0,0,0,0,ok
002336,0,0,0,0,1,1,ok
002337,0,0,1,0,1,2,ok
002338,1,0,0,1,0,2,ok
002339,1,0,0,0,0,1,ok
002340,0,0,0,0,0,0,ok
002341,0,1,0,1,1,3,ok
002342,0,1,0,0,0,1,ok
002343,0,0,0,1,0,1,ok
002344,1,0,0,1,0,2,ok
002345,0,1,0,0,0,1,ok
002346,1,1,0,0,0,2,ok
002347,1,0,0,0,1,2,ok
002348,1,0,1,0,1,3,ok
002349,1,0,0,0,0,1,ok
002350,1,1,0,0,1,3,ok
002351,1,0,0,0,0,1,ok
002352,0,0,0,0,1,1,ok
002353,1,0,0,0,0,1,ok
002354,1,0,0,0,0,1,ok
002355,0,1,0,1,0,2,ok
002356,1,0,0,0,0,1,ok
002357,0,0,0,0,0,0,ok
002358,0,0,0,0,1,1,ok
002359,0,0,0,0,0,0,ok
002360,0,0,0,0,1,1,ok
002361,0,0,0,0,0,0,ok
002362,1,0,0,0,1,2,ok
002363,1,0,0,0,0,1,ok
002364,1,0,0,0,0,1,ok
002365,0,1,0,0,0,1,ok
002366,1,0,0,1,0,2,ok
002367,0,0,0,1,1,2,ok
002368,0,0,0,0,0,0,ok
002369,1,0,0,0,1,2,ok
002370,0,1,0,0,1,2,ok
002371,0,0,0,0,0,0,ok
002372,1,0,0,0,0,1,ok
002373,1,0,0,0,0,1,ok
002374,1,0,0,0,0,1,ok
002375,1,0,0,0,0,1,ok
002376,1,0,0,0,0,1,ok
002377,0,0,0,1,0,1,ok
002378,0,0,0,0,0,0,ok
002379,1,0,0,0,1,2,ok
002380,1,1,0,0,0,2,ok
002381,1,0,0,1,1,3,ok
002382,0,0,0,0,0,0,ok
002383,0,0,0,1,0,1,ok
002384,0,0,0,0,0,0,ok
002385,0,0,0,0,0,0,ok
002386,1,0,0,0,0,1,ok
002387,0,0,0,0,1,1,ok
002388,0,0,0,0,0,0,ok
002389,1,1,0,0,0,2,ok
002390,1,0,0,1,0,2,ok
002391,1,0,0,0,0,1,ok
002392,1,1,0,1,0,3,ok
002393,0,0,0,0,0,0,ok
002394,0,0,0,0,1,1,ok
002395,0,0,0,0,0,0,ok
002396,0,0,0,0,0,0,ok
002397,0,0,0,0,0,0,ok
002398,0,0,0,1,0,1,ok
002399,0,0,0,0,1,1,ok
002400,1,0,0,0,0,1,ok
002401,0,0,0,1,0,1,ok
002402,0,0,0,0,1,1,ok
002403,0,0,0,0,0,0,ok
002404,0,0,0,0,0,0,ok
002405,0,0,0,0,0,0,ok
002406,0,0,0,0,0,0,ok
002407,1,0,1,0,1,3,ok
002408,1,0,0,0,0,1,ok
002409,1,0,0,0,0,1,ok
002410,1,0,0,0,0,1,ok
002411,1,0,0,0,0,1,ok
002412,0,0,0,0,1,1,ok
002413,0,0,0,0,0,0,ok
002414,1,0,0,0,1,2,ok
002415,1,0,0,0,0,1,ok
002416,0,0,0,1,0,1,ok
002417,1,0,0,1,0,2,ok
002418,1,0,0,0,0,1,ok
002419,0,0,0,0,1,1,ok
002420,0,0,0,0,0,0,ok
002421,1,0,1,0,0,2,ok
002422,1,0,0,1,0,2,ok
002423,1,0,0,1,0,2,ok
002424,0,0,0,1,0,1,ok
002425,1,0,0,0,0,1,ok
002426,1,0,0,0,0,1,ok
002427,0,0,0,0,1,1,ok
002428,1,0,1,0,0,2,ok
002429,1,0,0,0,0,1,ok
002430,1,0,0,0,0,1,ok
002431,0,0,0,0,0,0,ok
002432,1,0,1,0,1,3,ok
002433,0,0,0,0,0,0,ok
002434,1,0,0,0,0,1,ok
002435,1,0,1,0,0,2,ok
002436,0,0,0,0,0,0,ok
002437,0,0,0,1,0,1,ok
002438,0,0,0,0,0,0,ok
002439,1,0,0,0,0,1,ok
002440,0,0,0,0,0,0,ok
002441,0,0,0,0,1,1,ok
002442,1,0,0,1,1,3,ok
002443,1,0,0,0,1,2,ok
002444,0,0,0,0,0,0,ok
002445,1,0,0,0,0,1,ok
002446,0,0,0,0,0,0,ok
002447,1,0,0,0,0,1,ok
002448,1,0,0,0,0,1,ok
002449,0,0,0,1,0,1,ok
002450,1,0,0,0,0,1,ok
002451,0,0,0,0,0,0,ok
002452,1,0,0,1,0,2,ok
002453,1,0,0,0,0,1,ok
002454,1,0,0,1,0,2,ok
002455,0,1,0,0,1,2,ok
002456,1,0,0,0,0,1,ok
002457,1,0,0,0,0,1,ok
002458,0,0,0,0,0,0,ok
002459,1,0,0,0,0,1,ok
002460,1,0,0,0,0,1,ok
002461,1,0,0,1,0,2,ok
002462,0,0,0,0,0,0,ok
002463,1,0,0,1,1,3,ok
002464,0,0,1,0,1,2,ok
002465,1,0,0,0,0,1,ok
002466,1,0,0,0,0,1,ok
002467,1,0,0,0,1,2,ok
002468,0,0,0,0,0,0,ok
002469,1,0,0,0,0,1,ok
002470,1,0,0,0,1,2,ok
002471,1,0,0,0,0,1,ok
002472,0,0,1,0,0,1,ok
002473,1,0,0,1,1,3,ok
002474,1,0,0,0,0,1,ok
002475,1,1,0,1,0,3,ok
002476,1,0,0,1,0,2,ok
002477,1,0,0,0,0,1,ok
002478,1,0,0,1,0,2,ok
002479,0,1,0,1,0,2,ok
002480,1,0,0,0,0,1,ok
002481,0,1,0,0,0,1,ok
002482,1,0,0,0,0,1,ok
002483,1,0,0,0,1,2,ok
002484,1,0,0,0,0,1,ok
002485,1,1,0,0,0,2,ok
002486,1,0,0,1,0,2,ok
002487,1,0,1,0,1,3,ok
002488,1,0,0,0,0,1,ok
002489,1,0,0,0,0,1,ok
002490,0,1,0,0,0,1,ok
002491,1,0,0,0,0,1,ok
002492,1,1,0,0,0,2,ok
002493,1,0,1,0,1,3,ok
002494,1,0,0,1,0,2,ok
002495,0,0,0,1,0,1,ok
002496,1,0,0,0,0,1,ok
002497,1,0,0,1,0,2,ok
002498,1,0,0,0,1,2,ok
002499,1,0,0,1,0,2,ok
002500,1,0,0,0,1,2,ok
002501,1,0,0,0,0,1,ok
002502,0,0,0,0,0,0,ok
002503,1,0,0,0,0,1,ok
002504,0,0,0,0,1,1,ok
002505,0,0,0,0,0,0,ok
002506,0,0,0,1,1,2,ok
002507,0,0,0,1,1,2,ok
002508,0,0,0,0,1,1,ok
002509,1,0,0,0,0,1,ok
002510,1,0,0,0,0,1,ok
002511,0,0,0,0,0,0,ok
002512,1,0,0,0,0,1,ok
002513,1,0,0,0,0,1,ok
002514,0,0,0,1,1,2,ok
002515,0,0,0,0,1,1,ok
002516,0,0,0,0,1,1,ok
002517,0,0,1,0,1,2,ok
002518,1,0,0,0,0,1,ok
002519,1,0,0,0,0,1,ok
002520,1,0,0,0,0,1,ok
002521,1,0,0,0,0,1,ok
002522,0,1,0,0,0,1,ok
002523,1,1,0,0,0,2,ok
002524,1,0,0,0,0,1,ok
002525,0,0,0,0,1,1,ok
002526,1,0,0,0,0,1,ok
002527,1,0,1,0,0,2,ok
002528,1,0,0,0,0,1,ok
002529,0,0,0,0,0,0,ok
002530,0,0,0,0,1,1,ok
002531,1,0,0,0,0,1,ok
002532,0,0,0,0,0,0,ok
002533,1,0,0,1,1,3,ok
002534,1,0,0,0,0,1,ok
002535,1,0,0,0,0,1,ok
002536,1,0,0,1,0,2,ok
002537,1,0,1,0,0,2,ok
002538,1,0,0,0,0,1,ok
002539,0,0,0,1,0,1,ok
002540,0,0,0,0,0,0,ok
002541,0,0,0,0,0,0,ok
002542,0,0,0,1,0,1,ok
002543,0,0,0,0,0,0,ok
002544,1,0,0,0,0,1,ok
002545,0,0,0,0,0,0,ok
002546,0,0,0,0,0,0,ok
002547,0,0,0,1,0,1,ok
002548,1,0,0,0,0,1,ok
002549,0,1,0,0,1,2,ok
002550,0,0,0,0,1,1,ok
002551,1,0,0,0,1,2,ok
002552,0,0,0,0,1,1,ok
002553,0,0,0,0,0,0,ok
002554,1,0,0,0,0,1,ok
002555,1,0,0,0,0,1,ok
002556,1,0,0,0,0,1,ok
002557,1,0,0,0,0,1,ok
002558,0,0,0,0,0,0,ok
002559,1,0,0,0,0,1,ok
002560,0,0,0,1,1,2,ok
002561,0,0,0,1,0,1,ok
002562,1,0,0,0,0,1,ok
002563,1,0,0,0,0,1,ok
002564,1,0,0,0,0,1,ok
002565,1,0,0,0,1,2,ok
002566,0,0,0,0,1,1,ok
002567,1,0,0,0,0,1,ok
002568,0,0,0,0,0,0,ok
002569,1,0,0,0,1,2,ok
002570,1,0,0,0,0,1,ok
002571,0,0,0,0,0,0,ok
002572,1,0,1,0,1,3,ok
002573,0,0,0,0,0,0,ok
002574,1,0,0,0,0,1,ok
002575,1,0,0,1,0,2,ok
002576,1,0,0,0,0,1,ok
002577,1,0,0,0,0,1,ok
002578,0,0,0,1,0,1,ok
002579,0,0,0,0,1,1,ok
002580,0,0,0,0,0,0,ok
002581,1,0,0,0,0,1,ok
002582,1,0,0,0,0,1,ok
002583,0,0,1,1,1,3,ok
002584,1,0,0,0,0,1,ok
002585,0,0,0,0,0,0,ok
002586,1,0,0,0,0,1,ok
002587,1,0,0,0,0,1,ok
002588,1,0,0,0,0,1,ok
002589,0,0,0,1,0,1,ok
002590,0,0,0,0,0,0,ok
002591,1,0,0,0,0,1,ok
002592,1,0,0,0,0,1,ok
002593,0,0,0,0,0,0,ok
002594,1,0,0,1,0,2,ok
002595,1,0,1,0,0,2,ok
002596,1,0,0,1,0,2,ok
002597,0,0,0,0,0,0,ok
002598,0,0,0,1,0,1,ok
002599,1,0,0,0,0,1,ok
002600,1,0,0,0,0,1,ok
002601,1,0,0,0,0,1,ok
002602,0,0,0,0,0,0,ok
002603,1,0,0,1,1,3,ok
002604,1,0,0,0,0,1,ok
002605,1,0,0,0,1,2,ok
002606,1,0,0,0,0,1,ok
002607,0,0,0,0,0,0,ok
002608,1,0,0,0,0,1,ok
002609,1,0,0,0,1,2,ok
002610,1,0,0,0,1,2,ok
002611,1,0,0,0,0,1,ok
002612,1,0,0,0,0,1,ok
002613,1,0,0,0,0,1,ok
002614,0,0,0,1,0,1,ok
002615,1,0,0,0,0,1,ok
002616,1,0,0,0,1,2,ok
002617,1,0,1,0,1,3,ok
002618,1,1,0,0,0,2,ok
002619,1,0,0,0,1,2,ok
002620,1,0,0,0,1,2,ok
002621,1,0,0,0,1,2,ok
002622,0,0,0,0,1,1,ok
002623,0,0,0,0,0,0,ok
002624,0,0,0,1,1,2,ok
002625,1,0,0,1,0,2,ok
002626,1,0,0,1,0,2,ok
002627,1,0,0,1,0,2,ok
002628,1,0,0,0,0,1,ok
002629,1,0,0,0,0,1,ok
002630,1,0,0,0,0,1,ok
002631,1,0,1,0,1,3,ok
002632,0,0,1,0,1,2,ok
002633,0,0,0,0,0,0,ok
002634,0,0,0,0,0,0,ok
002635,1,0,0,0,0,1,ok
002636,1,0,0,0,0,1,ok
002637,0,1,0,0,1,2,ok
002638,0,0,0,0,0,0,ok
002639,1,1,0,1,0,3,ok
002640,1,0,0,0,1,2,ok
002641,1,0,0,0,0,1,ok
002642,1,0,0,0,0,1,ok
002643,0,0,0,1,0,1,ok
002644,0,0,0,0,0,0,ok
002645,0,0,0,0,0,0,ok
002646,1,0,0,0,0,1,ok
002647,1,0,0,0,1,2,ok
002648,1,0,0,0,0,1,ok
002649,0,0,0,0,0,0,ok
002650,1,0,0,0,0,1,ok
002651,1,0,0,0,0,1,ok
002652,1,0,0,0,1,2,ok
002653,1,0,0,0,0,1,ok
002654,1,0,0,1,0,2,ok
002655,1,0,0,0,0,1,ok
002656,0,1,0,1,0,2,ok
002657,1,0,0,0,1,2,ok
002658,1,0,0,0,1,2,ok
002659,1,0,0,0,0,1,ok
002660,1,1,0,0,1,3,ok
002661,1,0,0,0,0,1,ok
002662,1,0,0,1,0,2,ok
002663,1,0,0,0,1,2,ok
002664,1,0,0,1,0,2,ok
002665,1,0,0,1,1,3,ok
002666,1,0,1,0,0,2,ok
002667,1,0,0,0,0,1,ok
002668,1,0,0,0,0,1,ok
002669,1,0,0,0,0,1,ok
002670,1,0,0,0,0,1,ok
002671,1,0,0,0,0,1,ok
002672,0,0,0,1,0,1,ok
002673,1,0,0,0,0,1,ok
002674,0,0,0,0,1,1,ok
002675,1,0,0,1,1,3,ok
002676,1,0,0,0,0,1,ok
002677,0,0,0,0,0,0,ok
002678,1,0,0,0,1,2,ok
002679,0,0,1,0,0,1,ok
002680,1,0,0,0,0,1,ok
002681,0,0,1,0,1,2,ok
002682,1,0,0,0,0,1,ok
002683,1,0,0,0,0,1,ok
002684,0,0,0,0,0,0,ok
002685,1,0,0,1,0,2,ok
002686,1,0,0,1,0,2,ok
002687,1,0,0,0,0,1,ok
002688,1,0,0,0,0,1,ok
002689,1,0,0,0,0,1,ok
002690,1,0,0,0,0,1,ok
002691,0,0,0,0,0,0,ok
002692,1,0,0,1,0,2,ok
002693,0,0,0,0,0,0,ok
002694,0,0,0,0,0,0,ok
002695,1,0,0,0,0,1,ok
002696,0,1,0,0,0,1,ok
002697,0,0,0,1,0,1,ok
002698,0,0,0,0,0,0,ok
002699,0,0,0,0,0,0,ok
002700,1,0,0,0,0,1,ok
